"category","severity","id","title","format","url","server_status","local_status","details"
"CONFIRMED_MISSING_LOCAL","high","national-rt-130122025029","Sotsiaalhoolekande seadus","TEXT","https://www.riigiteataja.ee/akt/130122025029","PRESENT","NOT_FOUND","none"
"CONFIRMED_MISSING_LOCAL","high","kov::maardu-linn::item::maardu_linn_form_sunnitoetuse_avaldus","Sünnitoetuse avaldus","TEXT","https://maardu.ee/valdkonna-blanketid","PRESENT","NOT_FOUND","none"
"LOCAL_METADATA_ONLY","high","kov::maardu-linn::item::maardu_linn_resource_abivahendite_info","Abivahendite taotlemise info","TEXT","https://maardu.ee/abivahendi-taotlemine","PRESENT","LOCAL_METADATA_ONLY","normalized_url_without_local_source_content; docs/Andmebaas/KOV/maardu-linn/maardu-linn.json | docs/Andmebaas/KOV/maardu-linn/maardu-linn.sources.json"
"LOCAL_METADATA_ONLY","high","kov::maardu-linn::item::maardu_linn_form_eestkoste_taotlus","Eestkoste seadmise taotlus","TEXT","https://maardu.ee/eestkoste-seadmine","PRESENT","LOCAL_METADATA_ONLY","normalized_url_without_local_source_content; docs/Andmebaas/KOV/maardu-linn/maardu-linn.json | docs/Andmebaas/KOV/maardu-linn/maardu-linn.sources.json"
"LOCAL_METADATA_ONLY","high","kov::maardu-linn::item::maardu_linn_form_eluruumi_teenuse_taotlus","Eluruumi teenuse taotlus","TEXT","https://maardu.ee/sotsiaaleluasemeteenus","PRESENT","LOCAL_METADATA_ONLY","normalized_url_without_local_source_content; docs/Andmebaas/KOV/maardu-linn/maardu-linn.json | docs/Andmebaas/KOV/maardu-linn/maardu-linn.sources.json"
"LOCAL_METADATA_ONLY","high","kov::maardu-linn::item::maardu_linn_form_koduteenuse_taotlus","Koduteenuse taotluse vorm","TEXT","https://maardu.ee/koduteenus","PRESENT","LOCAL_METADATA_ONLY","normalized_url_without_local_source_content; docs/Andmebaas/KOV/maardu-linn/maardu-linn.json | docs/Andmebaas/KOV/maardu-linn/maardu-linn.sources.json"
"LOCAL_METADATA_ONLY","high","kov::maardu-linn::item::maardu_linn_form_lapsehoiutoetuse_taotlus","Lapsehoiutoetuse taotlus","TEXT","https://maardu.ee/lapsehoiutoetus","PRESENT","LOCAL_METADATA_ONLY","normalized_url_without_local_source_content; docs/Andmebaas/KOV/maardu-linn/maardu-linn.json | docs/Andmebaas/KOV/maardu-linn/maardu-linn.sources.json"
"LOCAL_METADATA_ONLY","high","kov::maardu-linn::item::maardu_linn_benefit_raske_ja_sugava_puudega_laste_teenuste_toetus","Raske ja sügava puudega laste toetavad teenused","TEXT","https://maardu.ee/puudega-lapse-lapsehoiuteenus","PRESENT","LOCAL_METADATA_ONLY","normalized_url_without_local_source_content; docs/Andmebaas/KOV/maardu-linn/maardu-linn.json | docs/Andmebaas/KOV/maardu-linn/maardu-linn.sources.json"
"LOCAL_METADATA_ONLY","high","kov::maardu-linn::item::maardu_linn_form_sotsiaalteenuse_taotlus","Sotsiaalteenuse taotlus","TEXT","https://maardu.ee/isikliku-abistaja-teenus","PRESENT","LOCAL_METADATA_ONLY","normalized_url_without_local_source_content; docs/Andmebaas/KOV/maardu-linn/maardu-linn.json | docs/Andmebaas/KOV/maardu-linn/maardu-linn.sources.json"
"LOCAL_METADATA_ONLY","high","kov::maardu-linn::item::maardu_linn_form_raske_sugava_puudega_lapse_teenuse_taotlus","Taotlus raske ja sügava puudega lapsele teenuse osutamiseks","TEXT","https://maardu.ee/puudega-lapse-lapsehoiuteenus","PRESENT","LOCAL_METADATA_ONLY","normalized_url_without_local_source_content; docs/Andmebaas/KOV/maardu-linn/maardu-linn.json | docs/Andmebaas/KOV/maardu-linn/maardu-linn.sources.json"
"PDF_DOWNLOAD_FAILED","high","tai_tai_aastaaruanne_2025","TAI aastaaruanne 2025","pdf","https://staging.tai.ee/sites/default/files/2026-02/aastaaruanne_2025_18.02.pdf","MISSING","DOWNLOAD_FAILED","HTTP 401"
"PDF_DOWNLOAD_FAILED","high","terviseamet_patsiendiohutusjuhtumi_raporteerimise_ja_menetlemise_juhend","Patsiendiohutusjuhtumi raporteerimise ja menetlemise juhend","pdf","https://www.terviseamet.ee/sites/default/files/documents/2024-11/patsiendiohutusjuhtumi_raporteerimise_ja_menetlemise_juhend.pdf","MISSING","DOWNLOAD_FAILED","HTTP 404"
"PDF_DOWNLOAD_FAILED","high","terviseamet_pohak_i_aasta_kokkuvote","POHAK I aasta kokkuvõte","pdf","https://terviseamet.ee/sites/default/files/documents/2026-04/POHAK_I%20aasta%20kokkuv%C3%B5te.pdf","MISSING","DOWNLOAD_FAILED","HTTP 404"
"PDF_DOWNLOAD_FAILED","high","terviseamet_taiskasvanute_vaktsineerimissoovitused","Täiskasvanute vaktsineerimissoovitused","pdf","https://www.terviseamet.ee/sites/default/files/documents/2026-04/T%C3%A4iskasvanute%20vaktsineerimine_0.pdf","MISSING","DOWNLOAD_FAILED","HTTP 404"
"PDF_DOWNLOAD_FAILED","high","tootukassa_ska_sotsiaalministeerium_kes_aitab_ja_kuhu_poorduda_kui_vajad_tooealisena_tuge","Kes aitab ja kuhu pöörduda, kui vajad tööealisena tuge?","pdf","https://www.sotsiaalkindlustusamet.ee/sites/default/files/documents/2026-02/puudeta-tooealisele.pdf","MISSING","DOWNLOAD_FAILED","HTTP 404"
"PDF_DOWNLOAD_FAILED","high","sotsiaalkindlustusamet_ohvriabi_infomaterjalide_kataloog_2026","Ohvriabi infomaterjalide kataloog 2026","pdf","https://sotsiaalkindlustusamet.ee/sites/default/files/documents/2026-02/OA%20infomaterjalide%20kataloog%202026.pdf","MISSING","DOWNLOAD_FAILED","HTTP 404"
"MASTER_MISSING_FROM_SERVER","info","eesti_puuetega_inimeste_koda_eesti_puuetega_inimeste_koda_epikoda","Eesti Puuetega Inimeste Koda (EPIKoda)","html","https://epikoda.ee/","MISSING","NO_RAW_HTML_SNAPSHOT",""
"MASTER_MISSING_FROM_SERVER","info","eesti_puuetega_inimeste_koda_epikoja_liikmed","EPIKoja liikmed","html","https://epikoda.ee/epikoja-liikmed/","MISSING","NO_RAW_HTML_SNAPSHOT",""
"MASTER_MISSING_FROM_SERVER","info","eesti_puuetega_inimeste_koda_epikoja_vorgustiku_kontaktid","EPIKoja võrgustiku kontaktid","html","https://epikoda.ee/epikoja-liikmed/koja-liikmed/","MISSING","NO_RAW_HTML_SNAPSHOT",""
"MASTER_MISSING_FROM_SERVER","info","1_katusorganisatsioonid_ja_kojad_tallinna_puuetega_inimeste_koda","Tallinna Puuetega Inimeste Koda","html","https://tallinnakoda.ee/","MISSING","NO_RAW_HTML_SNAPSHOT",""
"MASTER_MISSING_FROM_SERVER","info","1_katusorganisatsioonid_ja_kojad_tallinna_koja_liikmesuhingud","Tallinna Koja liikmesühingud","html","https://tallinnakoda.ee/liikmesuhingud/","MISSING","NO_RAW_HTML_SNAPSHOT",""
"MASTER_MISSING_FROM_SERVER","info","1_katusorganisatsioonid_ja_kojad_eesti_puuetega_inimeste_fond","Eesti Puuetega Inimeste Fond","html","https://www.epifond.ee/","MISSING","NO_RAW_HTML_SNAPSHOT",""
"MASTER_MISSING_FROM_SERVER","info","maakondlikud_kojad_tartu_puuetega_inimeste_koda","Tartu Puuetega Inimeste Koda","html","https://tartukoda.ee/","MISSING","NO_RAW_HTML_SNAPSHOT",""
"MASTER_MISSING_FROM_SERVER","info","maakondlikud_kojad_parnumaa_puuetega_inimeste_koda","Pärnumaa Puuetega Inimeste Koda","html","https://xn--prnukoda-0za.ee/","MISSING","NO_RAW_HTML_SNAPSHOT",""
"MASTER_MISSING_FROM_SERVER","info","maakondlikud_kojad_ida_virumaa_puuetega_inimeste_koda","Ida-Virumaa Puuetega Inimeste Koda","html","https://www.erivajadus.ee/","MISSING","NO_RAW_HTML_SNAPSHOT",""
"MASTER_MISSING_FROM_SERVER","info","maakondlikud_kojad_laane_virumaa_puuetega_inimeste_koda","Lääne-Virumaa Puuetega Inimeste Koda","html","https://www.virukoda.ee/","MISSING","NO_RAW_HTML_SNAPSHOT",""
"MASTER_MISSING_FROM_SERVER","info","maakondlikud_kojad_saaremaa_puuetega_inimeste_koda","Saaremaa Puuetega Inimeste Koda","html","https://www.saarekoda.ee/","MISSING","NO_RAW_HTML_SNAPSHOT",""
"MASTER_MISSING_FROM_SERVER","info","maakondlikud_kojad_viljandimaa_puuetega_inimeste_noukoda","Viljandimaa Puuetega Inimeste Nõukoda","html","https://viljandipin.eu/","MISSING","NO_RAW_HTML_SNAPSHOT",""
"MASTER_MISSING_FROM_SERVER","info","maakondlikud_kojad_vorumaa_puuetega_inimeste_koda","Võrumaa Puuetega Inimeste Koda","html","https://www.vorukoda.ee/","MISSING","NO_RAW_HTML_SNAPSHOT",""
"MASTER_MISSING_FROM_SERVER","info","maakondlikud_kojad_polvamaa_puuetega_inimeste_koda_kataloogileht","Põlvamaa Puuetega Inimeste Koda (kataloogileht)","html","https://www.polvakoda.ee/eesti-puuetega-inimeste-liidud-ja-kojad","MISSING","NO_RAW_HTML_SNAPSHOT",""
"MASTER_MISSING_FROM_SERVER","info","nagemispuue_ja_liitpuue_eesti_pimedate_liit","Eesti Pimedate Liit","html","https://pimedateliit.ee/","MISSING","NO_RAW_HTML_SNAPSHOT",""
"MASTER_MISSING_FROM_SERVER","info","nagemispuue_ja_liitpuue_epl_liikmesuhingud","EPL liikmesühingud","html","https://pimedateliit.ee/liikmesuhingud/","MISSING","NO_RAW_HTML_SNAPSHOT",""
"MASTER_MISSING_FROM_SERVER","info","nagemispuue_ja_liitpuue_pohja_eesti_pimedate_uhing","Põhja-Eesti Pimedate Ühing","html","https://ppy.ee/","MISSING","NO_RAW_HTML_SNAPSHOT",""
"MASTER_MISSING_FROM_SERVER","info","nagemispuue_ja_liitpuue_ppu_infoleht_kuukiir","PPÜ infoleht ""Kuukiir""","html","https://ppy.ee/kuukiir/","MISSING","NO_RAW_HTML_SNAPSHOT",""
"MASTER_MISSING_FROM_SERVER","info","nagemispuue_ja_liitpuue_eesti_pimekurtide_tugiliit","Eesti Pimekurtide Tugiliit","html","https://www.pimekurdid.ee/","MISSING","NO_RAW_HTML_SNAPSHOT",""
"MASTER_MISSING_FROM_SERVER","info","nagemispuue_ja_liitpuue_pimedate_raamatukogu_rara","Pimedate raamatukogu (RaRa)","html","https://www.rara.ee/meist/rara/pimedate-raamatukogu/","MISSING","NO_RAW_HTML_SNAPSHOT",""
"MASTER_MISSING_FROM_SERVER","info","nagemispuue_ja_liitpuue_tallinna_noustamine_nagemispuudega_inimesele","Tallinna nõustamine nägemispuudega inimesele","html","https://www.tallinn.ee/et/noustamine-nagemispuudega-inimesele","MISSING","NO_RAW_HTML_SNAPSHOT",""
"MASTER_MISSING_FROM_SERVER","info","nagemispuue_ja_liitpuue_nirk","NIRK","html","https://nirkkeskus.ee/","MISSING","NO_RAW_HTML_SNAPSHOT",""
"MASTER_MISSING_FROM_SERVER","info","nagemispuue_ja_liitpuue_epl_teemaleht_nagemispuue","EPL teemaleht „Nägemispuue”","html","https://pimedateliit.ee/nagemispuue/","MISSING","NO_RAW_HTML_SNAPSHOT",""
"MASTER_MISSING_FROM_SERVER","info","nagemispuue_ja_liitpuue_sotsiaalministeeriumi_kompetentsikeskus_eesti_pimedate_liit","Sotsiaalministeeriumi kompetentsikeskus: Eesti Pimedate Liit","html","https://kompetentsikeskus.sm.ee/et/vordsed-voimalused/ligipaasetavus/tahad-teada-rohkem/infoportaalid-ja-vorgustikud/eesti-pimedate-liit","MISSING","NO_RAW_HTML_SNAPSHOT",""
"MASTER_MISSING_FROM_SERVER","info","kuulmispuue_kurtus_ja_viipekeel_eesti_kurtide_liit","Eesti Kurtide Liit","html","https://www.ead.ee/","MISSING","NO_RAW_HTML_SNAPSHOT",""
"MASTER_MISSING_FROM_SERVER","info","kuulmispuue_kurtus_ja_viipekeel_tallinna_ja_harjumaa_kurtide_uhing","Tallinna ja Harjumaa Kurtide Ühing","html","https://www.thky.ee/","MISSING","NO_RAW_HTML_SNAPSHOT",""
"MASTER_MISSING_FROM_SERVER","info","kuulmispuue_kurtus_ja_viipekeel_eesti_vaegkuuljate_liit","Eesti Vaegkuuljate Liit","html","https://vaegkuuljad.ee/","MISSING","NO_RAW_HTML_SNAPSHOT",""
"MASTER_MISSING_FROM_SERVER","info","kuulmispuue_kurtus_ja_viipekeel_evl_liidust","EVL „Liidust”","html","https://vaegkuuljad.ee/liidust/","MISSING","NO_RAW_HTML_SNAPSHOT",""
"MASTER_MISSING_FROM_SERVER","info","kuulmispuue_kurtus_ja_viipekeel_eesti_kuulmispuuetega_laste_vanemate_liit","Eesti Kuulmispuuetega Laste Vanemate Liit","html","https://www.eklvl.ee/","MISSING","NO_RAW_HTML_SNAPSHOT",""
"MASTER_MISSING_FROM_SERVER","info","kuulmispuue_kurtus_ja_viipekeel_eesti_viipekeeletolkide_kutseuhing","Eesti Viipekeeletõlkide Kutseühing","html","https://evkty.ee/","MISSING","NO_RAW_HTML_SNAPSHOT",""
"MASTER_MISSING_FROM_SERVER","info","kuulmispuue_kurtus_ja_viipekeel_viipekeeletolgid_ou","Viipekeeletõlgid OÜ","html","https://www.viipekeeletolgid.ee/","MISSING","NO_RAW_HTML_SNAPSHOT",""
"MASTER_MISSING_FROM_SERVER","info","liikumispuue_ja_iseseisev_elu_eesti_liikumispuudega_inimeste_liit","Eesti Liikumispuudega Inimeste Liit","html","https://elil.ee/et/","MISSING","NO_RAW_HTML_SNAPSHOT",""
"MASTER_MISSING_FROM_SERVER","info","liikumispuue_ja_iseseisev_elu_tallinna_liikumispuudega_inimeste_uhing","Tallinna Liikumispuudega Inimeste Ühing","html","https://www.tliy.ee/","MISSING","NO_RAW_HTML_SNAPSHOT",""
"MASTER_MISSING_FROM_SERVER","info","liikumispuue_ja_iseseisev_elu_mtu_iseseisev_elu","MTÜ Iseseisev Elu","html","https://www.iseseisev-elu.ee/","MISSING","NO_RAW_HTML_SNAPSHOT",""
"MASTER_MISSING_FROM_SERVER","info","liikumispuue_ja_iseseisev_elu_eesti_paralumpiakomitee","Eesti Paralümpiakomitee","html","https://www.paralympic.ee/","MISSING","NO_RAW_HTML_SNAPSHOT",""
"MASTER_MISSING_FROM_SERVER","info","intellekti_autismi_psuuhikahairete__vaimukad_eesti_vaimupuudega_inimeste_tugiliit","Vaimukad / Eesti Vaimupuudega Inimeste Tugiliit","html","https://vaimukad.ee/","MISSING","NO_RAW_HTML_SNAPSHOT",""
"MASTER_MISSING_FROM_SERVER","info","intellekti_autismi_psuuhikahairete__tugiliisu","Tugiliisu","html","https://tugiliisu.ee/","MISSING","NO_RAW_HTML_SNAPSHOT",""
"MASTER_MISSING_FROM_SERVER","info","intellekti_autismi_psuuhikahairete__eesti_autismiliit","Eesti Autismiliit","html","https://www.autismiliit.ee/","MISSING","NO_RAW_HTML_SNAPSHOT",""
"MASTER_MISSING_FROM_SERVER","info","intellekti_autismi_psuuhikahairete__pohja_eesti_autismi_liit","Põhja-Eesti Autismi Liit","html","https://autism.ee/","MISSING","NO_RAW_HTML_SNAPSHOT",""
"MASTER_MISSING_FROM_SERVER","info","intellekti_autismi_psuuhikahairete__eppil","EPPiL","html","https://epill.ee/","MISSING","NO_RAW_HTML_SNAPSHOT",""
"MASTER_MISSING_FROM_SERVER","info","intellekti_autismi_psuuhikahairete__dementsuse_kompetentsikeskus","Dementsuse Kompetentsikeskus","html","https://dementsus.ee/","MISSING","NO_RAW_HTML_SNAPSHOT",""
"MASTER_MISSING_FROM_SERVER","info","intellekti_autismi_psuuhikahairete__elu_dementsusega","Elu dementsusega","html","https://eludementsusega.ee/","MISSING","NO_RAW_HTML_SNAPSHOT",""
"MASTER_MISSING_FROM_SERVER","info","intellekti_autismi_psuuhikahairete__eesti_puuetega_naiste_uhenduste_liit","Eesti Puuetega Naiste Ühenduste Liit","html","https://epnu.ee/","MISSING","NO_RAW_HTML_SNAPSHOT",""
"MASTER_MISSING_FROM_SERVER","info","intellekti_autismi_psuuhikahairete__eesti_aspergerite_autistide_liidu_vana_wordpress_kanal","Eesti Aspergerite / Autistide liidu vana WordPress-kanal","html","https://aspiyhing.wordpress.com/","MISSING","NO_RAW_HTML_SNAPSHOT",""
"MASTER_MISSING_FROM_SERVER","info","kone_ja_kommunikatsioonihaired_eesti_afaasialiit","Eesti Afaasialiit","html","https://afaasia.ee/","MISSING","NO_RAW_HTML_SNAPSHOT",""
"MASTER_MISSING_FROM_SERVER","info","kone_ja_kommunikatsioonihaired_eesti_kogelejate_uhing","Eesti Kogelejate Ühing","html","https://kogelus.ee/","MISSING","NO_RAW_HTML_SNAPSHOT",""
"MASTER_MISSING_FROM_SERVER","info","neuroloogilised_ja_kroonilised_seis_eesti_sclerosis_multiplexi_uhingute_liit","Eesti Sclerosis Multiplexi Ühingute Liit","html","https://smk.ee/","MISSING","NO_RAW_HTML_SNAPSHOT",""
"MASTER_MISSING_FROM_SERVER","info","neuroloogilised_ja_kroonilised_seis_eesti_parkinsoniliit","Eesti Parkinsoniliit","html","https://www.parkinson.ee/","MISSING","NO_RAW_HTML_SNAPSHOT",""
"MASTER_MISSING_FROM_SERVER","info","neuroloogilised_ja_kroonilised_seis_eesti_insuldipatsientide_selts","Eesti Insuldipatsientide Selts","html","https://www.insuldiselts.ee/","MISSING","NO_RAW_HTML_SNAPSHOT",""
"MASTER_MISSING_FROM_SERVER","info","neuroloogilised_ja_kroonilised_seis_eesti_hemofiiliauhing","Eesti Hemofiiliaühing","html","https://www.hemofiilia.ee/","MISSING","NO_RAW_HTML_SNAPSHOT",""
"MASTER_MISSING_FROM_SERVER","info","neuroloogilised_ja_kroonilised_seis_eesti_lihasehaigete_selts","Eesti Lihasehaigete Selts","html","https://www.els.ee/","MISSING","NO_RAW_HTML_SNAPSHOT",""
"MASTER_MISSING_FROM_SERVER","info","neuroloogilised_ja_kroonilised_seis_eesti_allergialiit","Eesti Allergialiit","html","https://allergialiit.ee/","MISSING","NO_RAW_HTML_SNAPSHOT",""
"MASTER_MISSING_FROM_SERVER","info","neuroloogilised_ja_kroonilised_seis_eesti_diabeediliit","Eesti Diabeediliit","html","https://www.diabetes.ee/","MISSING","NO_RAW_HTML_SNAPSHOT",""
"MASTER_MISSING_FROM_SERVER","info","neuroloogilised_ja_kroonilised_seis_eesti_reumaliit","Eesti Reumaliit","html","https://reumaliit.ee/","MISSING","NO_RAW_HTML_SNAPSHOT",""
"MASTER_MISSING_FROM_SERVER","info","neuroloogilised_ja_kroonilised_seis_eesti_kopsuliit","Eesti Kopsuliit","html","https://www.kopsuliit.ee/","MISSING","NO_RAW_HTML_SNAPSHOT",""
"MASTER_MISSING_FROM_SERVER","info","neuroloogilised_ja_kroonilised_seis_eesti_vahiliit","Eesti Vähiliit","html","https://cancer.ee/","MISSING","NO_RAW_HTML_SNAPSHOT",""
"MASTER_MISSING_FROM_SERVER","info","neuroloogilised_ja_kroonilised_seis_eesti_neeruhaigete_liit","Eesti Neeruhaigete Liit","html","https://www.neer.ee/","MISSING","NO_RAW_HTML_SNAPSHOT",""
"MASTER_MISSING_FROM_SERVER","info","neuroloogilised_ja_kroonilised_seis_pohja_eesti_neeruhaigete_selts_facebook","Põhja-Eesti Neeruhaigete Selts (Facebook)","html","https://www.facebook.com/p/P%C3%B5hja-Eesti-Neeruhaigete-Selts-100011071697630/","MISSING","NO_RAW_HTML_SNAPSHOT",""
"MASTER_MISSING_FROM_SERVER","info","neuroloogilised_ja_kroonilised_seis_eesti_epilepsialiit_ajalooline_registripohine_viide","Eesti Epilepsialiit (ajalooline / registripõhine viide)","html","https://www.inforegister.ee/80068934-EESTI-EPILEPSIALIIT-MTU/","MISSING","NO_RAW_HTML_SNAPSHOT",""
"MASTER_MISSING_FROM_SERVER","info","neuroloogilised_ja_kroonilised_seis_epilepsiaga_inimeste_tugigrupp_facebook","Epilepsiaga inimeste tugigrupp (Facebook)","html","https://www.facebook.com/groups/epilepsialiit/","MISSING","NO_RAW_HTML_SNAPSHOT",""
"MASTER_MISSING_FROM_SERVER","info","sotsiaalkindlustusamet_ska_abivahendi_vajajale","SKA: Abivahendi vajajale","html","https://sotsiaalkindlustusamet.ee/puue-ja-hoolekanne/abivahendid/abivahendi-vajajale","MISSING","NO_RAW_HTML_SNAPSHOT",""
"MASTER_MISSING_FROM_SERVER","info","sotsiaalkindlustusamet_ska_abivahendite_otsimootor","SKA abivahendite otsimootor","html","https://sotsiaalkindlustusamet.ee/abivahendite-otsimootor","MISSING","NO_RAW_HTML_SNAPSHOT",""
"MASTER_MISSING_FROM_SERVER","info","sotsiaalkindlustusamet_ska_abivahendi_ettevottele","SKA: Abivahendi ettevõttele","html","https://sotsiaalkindlustusamet.ee/spetsialistile-ja-koostoopartnerile/teenuseosutajale/abivahendi-ettevottele","MISSING","NO_RAW_HTML_SNAPSHOT",""
"MASTER_MISSING_FROM_SERVER","info","riiklik_info_ja_otsingud_msa_abivahendite_jaemuujate_otsing","MSA abivahendite jaemüüjate otsing","html","https://msa.sm.ee/est/otsing/jmu/","MISSING","NO_RAW_HTML_SNAPSHOT",""
"MASTER_MISSING_FROM_SERVER","info","uldised_pakkujad_invaru","Invaru","html","https://www.invaru.ee/","MISSING","NO_RAW_HTML_SNAPSHOT",""
"MASTER_MISSING_FROM_SERVER","info","uldised_pakkujad_itak","ITAK","html","https://www.itak.ee/","MISSING","NO_RAW_HTML_SNAPSHOT",""
"MASTER_MISSING_FROM_SERVER","info","uldised_pakkujad_teresa_abivahendikeskus","Teresa Abivahendikeskus","html","https://teresa.ee/","MISSING","NO_RAW_HTML_SNAPSHOT",""
"MASTER_MISSING_FROM_SERVER","info","uldised_pakkujad_tervise_abi","Tervise Abi","html","https://terviseabi.ee/","MISSING","NO_RAW_HTML_SNAPSHOT",""
"MASTER_MISSING_FROM_SERVER","info","uldised_pakkujad_egero_invaabivahendid","Egero / Invaabivahendid","html","https://www.invaabivahendid.ee/","MISSING","NO_RAW_HTML_SNAPSHOT",""
"MASTER_MISSING_FROM_SERVER","info","uldised_pakkujad_invago","INVAGO","html","https://invago.ee/","MISSING","NO_RAW_HTML_SNAPSHOT",""
"MASTER_MISSING_FROM_SERVER","info","uldised_pakkujad_rol_lift","Rol-Lift","html","https://www.rol-lift.ee/et/","MISSING","NO_RAW_HTML_SNAPSHOT",""
"MASTER_MISSING_FROM_SERVER","info","nagemisabivahendid_silmalaegas","Silmalaegas","html","https://silmalaegas.laegas.ee/","MISSING","NO_RAW_HTML_SNAPSHOT",""
"MASTER_MISSING_FROM_SERVER","info","nagemisabivahendid_eesti_nagemistervisekeskus_abivahendid","Eesti Nägemistervisekeskus / abivahendid","html","https://silmatervis.ee/abivahendid/","MISSING","NO_RAW_HTML_SNAPSHOT",""
"MASTER_MISSING_FROM_SERVER","info","kuulmisabivahendid_kuulmisrehabilitatsiooni_keskus","Kuulmisrehabilitatsiooni Keskus","html","https://heakuulmine.ee/","MISSING","NO_RAW_HTML_SNAPSHOT",""
"MASTER_MISSING_FROM_SERVER","info","kuulmisabivahendid_audiomed_kuulmiskeskus","Audiomed kuulmiskeskus","html","https://kuulmiseni.ee/","MISSING","NO_RAW_HTML_SNAPSHOT",""
"MASTER_MISSING_FROM_SERVER","info","kuulmisabivahendid_kuuldeaparaadid_ou","Kuuldeaparaadid OÜ","html","https://kuuldeaparaadid.ee/","MISSING","NO_RAW_HTML_SNAPSHOT",""
"MASTER_MISSING_FROM_SERVER","info","kuulmisabivahendid_tervise_abi_kuulmisabivahendid","Tervise Abi / kuulmisabivahendid","html","https://terviseabi.ee/tootekategooria/kuulmisabivahendid/","MISSING","NO_RAW_HTML_SNAPSHOT",""
"MASTER_MISSING_FROM_SERVER","info","remont_hooldus_ortoosid_itak_remont_ja_hooldus","ITAK remont ja hooldus","html","https://www.itak.ee/invaabivahendite-remont-ja-hooldus/","MISSING","NO_RAW_HTML_SNAPSHOT",""
"MASTER_MISSING_FROM_SERVER","info","remont_hooldus_ortoosid_e_ratastoolid","E-ratastoolid","html","https://www.e-ratastoolid.eu/","MISSING","NO_RAW_HTML_SNAPSHOT",""
"MASTER_MISSING_FROM_SERVER","info","remont_hooldus_ortoosid_ortopeediakeskus","Ortopeediakeskus","html","https://ortopeediakeskus.ee/","MISSING","NO_RAW_HTML_SNAPSHOT",""
"MASTER_MISSING_FROM_SERVER","info","remont_hooldus_ortoosid_ortopeediakeskus_abivahendite_taotlemine","Ortopeediakeskus / abivahendite taotlemine","html","https://ortopeediakeskus.ee/abivahendite-taotlemine/","MISSING","NO_RAW_HTML_SNAPSHOT",""
"MASTER_MISSING_FROM_SERVER","info","remont_hooldus_ortoosid_eesti_ortoosikeskus","Eesti Ortoosikeskus","html","https://www.ortoosikeskus.ee/","MISSING","NO_RAW_HTML_SNAPSHOT",""
"MASTER_MISSING_FROM_SERVER","info","remont_hooldus_ortoosid_jalaexpert","Jalaexpert","html","https://jalaexpert.ee/","MISSING","NO_RAW_HTML_SNAPSHOT",""
"MASTER_MISSING_FROM_SERVER","info","remont_hooldus_ortoosid_jalakabinet","Jalakabinet","html","https://jalakabinet.ee/","MISSING","NO_RAW_HTML_SNAPSHOT",""
"MASTER_MISSING_FROM_SERVER","info","remont_hooldus_ortoosid_mediq_eesti","Mediq Eesti","html","https://mediq.ee/","MISSING","NO_RAW_HTML_SNAPSHOT",""
"MASTER_MISSING_FROM_SERVER","info","4_ligipaasetavus_eesti_ee_ligipaasetavuse_juhis","eesti.ee ligipääsetavuse juhis","html","https://www.eesti.ee/eraisik/et/artikkel/ligipaasetavuse-juhis","MISSING","NO_RAW_HTML_SNAPSHOT",""
"MASTER_MISSING_FROM_SERVER","info","4_ligipaasetavus_sotsiaalministeeriumi_kompetentsikeskus_ligipaasetavus","Sotsiaalministeeriumi kompetentsikeskus / ligipääsetavus","html","https://kompetentsikeskus.sm.ee/et/vordsed-voimalused/ligipaasetavus","MISSING","NO_RAW_HTML_SNAPSHOT",""
"MASTER_MISSING_FROM_SERVER","info","4_ligipaasetavus_mis_on_ligipaasetavus","Mis on ligipääsetavus?","html","https://kompetentsikeskus.sm.ee/et/vordsed-voimalused/ligipaasetavus/mis-see/aluspohimotted/mis-ligipaasetavus","MISSING","NO_RAW_HTML_SNAPSHOT",""
"MASTER_MISSING_FROM_SERVER","info","4_ligipaasetavus_ligipaasetavuse_tagamine_sotsiaalkaitse_ja_sotsiaalse_kaasat","Ligipääsetavuse tagamine sotsiaalkaitse ja sotsiaalse kaasatuse valdkonnas","html","https://kompetentsikeskus.sm.ee/et/abiks-rakendajale/2021-2027/toetuse-taotlejale-ja-saajale/digitooriist/kuidas-projektis-tagada-ligipaasetavus/ligipaasetavuse-tagamine-sotsiaalkaitse-ja-sotsiaalse-kaasatuse-valdkonnas","MISSING","NO_RAW_HTML_SNAPSHOT",""
"MASTER_MISSING_FROM_SERVER","info","tervise_arengu_instituut_tai_ligipaasetavus_kelle_jaoks","TAI: Ligipääsetavus – kelle jaoks?","html","https://www.tai.ee/et/sotsiaaltoo/ligipaasetavus-kelle-jaoks","MISSING","NO_RAW_HTML_SNAPSHOT",""
"MASTER_MISSING_FROM_SERVER","info","eesti_puuetega_inimeste_koda_epikoda_digiligipaasetavus","EPIKoda: digiligipääsetavus","html","https://epikoda.ee/digiligipaasetavus/","MISSING","NO_RAW_HTML_SNAPSHOT",""
"MASTER_MISSING_FROM_SERVER","info","sotsiaalkindlustusamet_ska_teenusepakkujad","SKA teenusepakkujad","html","https://sotsiaalkindlustusamet.ee/teenusepakkujad","MISSING","NO_RAW_HTML_SNAPSHOT",""
"MASTER_MISSING_FROM_SERVER","info","sotsiaalkindlustusamet_ska_teenuskohad","SKA teenuskohad","html","https://www.sotsiaalkindlustusamet.ee/teenuskohad","MISSING","NO_RAW_HTML_SNAPSHOT",""
"MASTER_MISSING_FROM_SERVER","info","sotsiaalkindlustusamet_rehabilitatsiooniteenuste_osutajatele","Rehabilitatsiooniteenuste osutajatele","html","https://sotsiaalkindlustusamet.ee/spetsialistile-ja-koostoopartnerile/teenuseosutajale/rehabilitatsiooniteenuse-osutajale","MISSING","NO_RAW_HTML_SNAPSHOT",""
"MASTER_MISSING_FROM_SERVER","info","sotsiaalkindlustusamet_erihoolekandeteenuse_osutajale","Erihoolekandeteenuse osutajale","html","https://sotsiaalkindlustusamet.ee/erihoolekandeteenuse-osutajale","MISSING","NO_RAW_HTML_SNAPSHOT",""
"MASTER_MISSING_FROM_SERVER","info","registrid_mtr","MTR","html","https://mtr.ttja.ee/","MISSING","NO_RAW_HTML_SNAPSHOT",""
"MASTER_MISSING_FROM_SERVER","info","registrid_ttja_teade_mtr_kohta","TTJA teade MTR kohta","html","https://ttja.ee/lugupeetud-majandustegevuse-registri-kasutajad","MISSING","NO_RAW_HTML_SNAPSHOT",""
"MASTER_MISSING_FROM_SERVER","info","registrid_riha_mtr_kirje","RIHA MTR kirje","html","https://www.riha.ee/Infos%C3%BCsteemid/Vaata/mtr","MISSING","NO_RAW_HTML_SNAPSHOT",""
"MASTER_MISSING_FROM_SERVER","info","registrid_andmed_eesti_ee_mtr_andmestik","andmed.eesti.ee / MTR andmestik","html","https://andmed.eesti.ee/datasets/majandustegevuse-register","MISSING","NO_RAW_HTML_SNAPSHOT",""
"MASTER_MISSING_FROM_SERVER","info","registrid_medre","Medre","html","https://medre.tehik.ee/","MISSING","NO_RAW_HTML_SNAPSHOT",""
"MASTER_MISSING_FROM_SERVER","info","registrid_eesti_ee_erihoolekandeteenuse_osutaja_tegevusluba","eesti.ee / erihoolekandeteenuse osutaja tegevusluba","html","https://www.eesti.ee/eraisik/et/artikkel/erinouetega-tegevusalad/sotsiaalhoolekanne/erihoolekandeteenuse-osutaja-tegevusluba","MISSING","NO_RAW_HTML_SNAPSHOT",""
"MASTER_MISSING_FROM_SERVER","info","terviseamet_terviseamet_tervishoiutootajale","Terviseamet / tervishoiutöötajale","html","https://www.terviseamet.ee/tervishoiukorraldus/tervishoiutootajale","MISSING","NO_RAW_HTML_SNAPSHOT",""
"MASTER_MISSING_FROM_SERVER","info","terviseamet_tervishoiutootajate_registreerimine","Tervishoiutöötajate registreerimine","html","https://www.terviseamet.ee/tervishoiukorraldus/tervishoiutootajale/tervishoiutootajate-registreerimine","MISSING","NO_RAW_HTML_SNAPSHOT",""
"MASTER_MISSING_FROM_SERVER","info","terviseamet_tegevusload_tervishoiuteenuse_osutamiseks","Tegevusload tervishoiuteenuse osutamiseks","html","https://www.terviseamet.ee/tervishoiukorraldus/tervishoiutootajale/tegevusload","MISSING","NO_RAW_HTML_SNAPSHOT",""
"MASTER_MISSING_FROM_SERVER","info","tervisekassa_tervisekassa_tervishoiuteenuste_osutajad","Tervisekassa / tervishoiuteenuste osutajad","html","https://tervisekassa.ee/tervishoid-ja-tervishoiuteenuste-osutajad","MISSING","NO_RAW_HTML_SNAPSHOT",""
"MASTER_MISSING_FROM_SERVER","info","registrid_e_ariregister","e-Äriregister","html","https://ariregister.rik.ee/","MISSING","NO_RAW_HTML_SNAPSHOT",""
"MASTER_MISSING_FROM_SERVER","info","registrid_rik_e_ariregistri_portaal","RIK / e-äriregistri portaal","html","https://www.rik.ee/et/e-ariregister/e-ariregistri-portaal","MISSING","NO_RAW_HTML_SNAPSHOT",""
"MASTER_MISSING_FROM_SERVER","info","sotsiaalkindlustusamet_ska_sotsiaalteenuste_jarelevalve","SKA sotsiaalteenuste järelevalve","html","https://sotsiaalkindlustusamet.ee/spetsialistile-ja-koostoopartnerile/jarelevalve","MISSING","NO_RAW_HTML_SNAPSHOT",""
"MASTER_MISSING_FROM_SERVER","info","sotsiaalkindlustusamet_uldhooldusteenus_kov_noustamine_jarelevalve_raam","Üldhooldusteenus (KOV nõustamine + järelevalve raam)","html","https://sotsiaalkindlustusamet.ee/spetsialistile-ja-koostoopartnerile/kohalike-omavalitsuste-noustamine/uldhooldusteenus","MISSING","NO_RAW_HTML_SNAPSHOT",""
"MASTER_MISSING_FROM_SERVER","info","sotsiaalkindlustusamet_ska_2024_jarelevalve_kokkuvote","SKA 2024 järelevalve kokkuvõte","html","https://sotsiaalkindlustusamet.ee/uudised/sotsiaalkindlustusameti-2024-aasta-jarelevalves-rohkem-rikkumisi-aga-ka-haid-naiteid","MISSING","NO_RAW_HTML_SNAPSHOT",""
"MASTER_MISSING_FROM_SERVER","info","terviseamet_terviseamet_sotsiaalasutuste_jarelevalve","Terviseamet / sotsiaalasutuste järelevalve","html","https://www.terviseamet.ee/keskkonnatervis/ettevotjale-ja-kohalikule-omavalitsusele/sotsiaalasutused","MISSING","NO_RAW_HTML_SNAPSHOT",""
"MASTER_MISSING_FROM_SERVER","info","terviseamet_terviseamet_erihoolekandeteenused","Terviseamet / erihoolekandeteenused","html","https://www.terviseamet.ee/keskkonnatervis/sotsiaalasutused/erihoolekandeteenused","MISSING","NO_RAW_HTML_SNAPSHOT",""
"MASTER_MISSING_FROM_SERVER","info","terviseamet_terviseamet_infomaterjalid_hoolekandeasutustele","Terviseamet / infomaterjalid hoolekandeasutustele","html","https://www.terviseamet.ee/nakkushaigused/info-koostoopartneritele/hoolekandeasutused","MISSING","NO_RAW_HTML_SNAPSHOT",""
"MASTER_MISSING_FROM_SERVER","info","paasteamet_paasteamet_tuleohutusnouded","Päästeamet / tuleohutusnõuded","html","https://www.rescue.ee/et/tuleohutusnouded","MISSING","NO_RAW_HTML_SNAPSHOT",""
"MASTER_MISSING_FROM_SERVER","info","6_kvaliteet_jarelevalve_ja_ohutus_riigi_teataja_ehitisele_esitatavad_tuleohutusnouded","Riigi Teataja / ehitisele esitatavad tuleohutusnõuded","html","https://www.riigiteataja.ee/akt/123022021013","MISSING","NO_RAW_HTML_SNAPSHOT",""
"MASTER_MISSING_FROM_SERVER","info","oiguskantsler_avaldus_oiguskantslerile","Avaldus õiguskantslerile","html","https://www.oiguskantsler.ee/kontaktid/avaldus-oiguskantslerile","MISSING","NO_RAW_HTML_SNAPSHOT",""
"MASTER_MISSING_FROM_SERVER","info","andmekaitse_inspektsioon_aki_kaebus_isikuandmete_kaitse_asjas","AKI kaebus isikuandmete kaitse asjas","html","https://www.aki.ee/meist/vota-uhendust/kaebus-isikuandmete-kaitse-asjas","MISSING","NO_RAW_HTML_SNAPSHOT",""
"MASTER_MISSING_FROM_SERVER","info","andmekaitse_inspektsioon_aki_nousolek","AKI nõusolek","html","https://www.aki.ee/nousolek","MISSING","NO_RAW_HTML_SNAPSHOT",""
"MASTER_MISSING_FROM_SERVER","info","riigikontroll_riigikontrolli_auditileht_hoolekande_audit","Riigikontrolli auditileht (hoolekande audit)","html","https://www.riigikontroll.ee/Auditeeritavaile/Audititeplaan/tabid/120/AuditId/246/language/et-EE/Default.aspx","MISSING","NO_RAW_HTML_SNAPSHOT",""
"MASTER_MISSING_FROM_SERVER","info","8_markused_puhastamisel_kopsuliidu_puhul_kasutas_fail_aadressi_kuid_kontrollitav_ja_","Kopsuliidu puhul kasutas fail aadressi `, kuid kontrollitav ja toimiv kuju oli `https://www.kopsuliit.ee/`.","html","https://kopsuliit.ee/`","MISSING","NO_RAW_HTML_SNAPSHOT",""
"MASTER_MISSING_FROM_SERVER","info","8_markused_puhastamisel_kopsuliidu_puhul_kasutas_fail_aadressi_https_kopsuliit_ee_ku","Kopsuliidu puhul kasutas fail aadressi `https://kopsuliit.ee/`, kuid kontrollitav ja toimiv kuju oli `.","html","https://www.kopsuliit.ee/`","MISSING","NO_RAW_HTML_SNAPSHOT",""
"MASTER_MISSING_FROM_SERVER","info","8_markused_puhastamisel_parnumaa_koja_puhul_kasutasin_toimivat_punycode_kuju","Pärnumaa koja puhul kasutasin toimivat punycode-kuju `.","html","https://xn--prnukoda-0za.ee/`","MISSING","NO_RAW_HTML_SNAPSHOT",""
"MASTER_MISSING_FROM_SERVER","info","tai_tai_aastaaruanne_2025","TAI aastaaruanne 2025","pdf","https://staging.tai.ee/sites/default/files/2026-02/aastaaruanne_2025_18.02.pdf","MISSING","DOWNLOAD_FAILED","HTTP 401"
"MASTER_MISSING_FROM_SERVER","info","tartu_ulikooli_repositoorium_sotsiaaltootajad_raagivad_sotsiaaltoo_praktika_muutumisest","Sotsiaaltöötajad räägivad sotsiaaltöö praktika muutumisest","html","https://dspace.ut.ee/bitstreams/59b00b06-47ef-4a18-b2a4-c4e0c0e42f31/download","MISSING","NO_RAW_HTML_SNAPSHOT",""
"MASTER_MISSING_FROM_SERVER","info","tartu_ulikooli_repositoorium_info_ja_kommunikatsioonitehnoloogia_kasutamine_sotsiaaltoos","Info- ja kommunikatsioonitehnoloogia kasutamine sotsiaaltöös","html","https://dspace.ut.ee/bitstreams/c3697e36-9faf-4585-bb36-b0f5f77ffdd1/download","MISSING","NO_RAW_HTML_SNAPSHOT",""
"MASTER_MISSING_FROM_SERVER","info","tartu_ulikooli_repositoorium_lastekaitsetootajate_tolgendused","Lastekaitsetöötajate tõlgendused ...","html","https://dspace.ut.ee/bitstreams/b8ce2eca-f5e0-4083-a492-e1a3d440ac04/download","MISSING","NO_RAW_HTML_SNAPSHOT",""
"MASTER_MISSING_FROM_SERVER","info","tartu_ulikooli_repositoorium_lastekaitsetooga_kokku_puutunud_laste_ja_lahedaste_vaade_las","Lastekaitsetööga kokku puutunud laste ja lähedaste vaade lastekaitsetööle Eestis","html","https://dspace.ut.ee/bitstreams/be77d123-192a-4083-a10a-7d9954af1cff/download","MISSING","NO_RAW_HTML_SNAPSHOT",""
"MASTER_MISSING_FROM_SERVER","info","tartu_ulikooli_repositoorium_sotsiaaltootajate_voimu_kasutus_ja_piirangud_sotsiaaltoo_pra","Sotsiaaltöötajate võimu kasutus ja piirangud sotsiaaltöö praktikas","html","https://dspace.ut.ee/bitstreams/d642ea84-39ce-4695-a05c-44f5dd12b2c8/download","MISSING","NO_RAW_HTML_SNAPSHOT",""
"MASTER_MISSING_FROM_SERVER","info","tartu_ulikooli_repositoorium_kogukonna_kaasamine_olulistesse_kogukonda_puudutavatesse_ots","Kogukonna kaasamine olulistesse kogukonda puudutavatesse otsustesse","html","https://dspace.ut.ee/bitstreams/a9783bef-5458-4675-be91-619b2f6457f9/download","MISSING","NO_RAW_HTML_SNAPSHOT",""
"MASTER_MISSING_FROM_SERVER","info","tartu_ulikooli_repositoorium_fotod_kui_toetav_vahend_sotsiaaltoos","Fotod kui toetav vahend sotsiaaltöös","html","https://dspace.ut.ee/bitstreams/58c77e20-683d-4b66-9d17-4492ef5dbe4c/download","MISSING","NO_RAW_HTML_SNAPSHOT",""
"MASTER_MISSING_FROM_SERVER","info","taltechi_digikogu_labipolemise_teemaline_too","Läbipõlemise teemaline töö","html","https://digikogu.taltech.ee/et/Download/793bffd2-263b-4a18-9509-3ba6bf31d893","MISSING","NO_RAW_HTML_SNAPSHOT",""
"MASTER_MISSING_FROM_SERVER","info","taltechi_digikogu_taiendav_taltechi_too","Täiendav TalTechi töö","html","https://digikogu.taltech.ee/et/Download/8bf38940-7c70-4024-9756-0de872ef0168","MISSING","NO_RAW_HTML_SNAPSHOT",""
"MASTER_MISSING_FROM_SERVER","info","tai_sotsiaaltoo_1_2025","Sotsiaaltöö 1/2025","html","https://www.tai.ee/et/valjaanded/sotsiaaltoo-12025","MISSING","NO_RAW_HTML_SNAPSHOT",""
"MASTER_MISSING_FROM_SERVER","info","tai_sotsiaaltoo_2_2025","Sotsiaaltöö 2/2025","html","https://www.tai.ee/et/valjaanded/sotsiaaltoo-22025","MISSING","NO_RAW_HTML_SNAPSHOT",""
"MASTER_MISSING_FROM_SERVER","info","tai_sotsiaaltoo_2_2022","Sotsiaaltöö 2/2022","html","https://www.tai.ee/et/valjaanded/sotsiaaltoo-22022","MISSING","NO_RAW_HTML_SNAPSHOT",""
"MASTER_MISSING_FROM_SERVER","info","tai_sotsiaaltoo_4_2019","Sotsiaaltöö 4/2019","html","https://www.tai.ee/et/valjaanded/sotsiaaltoo-42019","MISSING","NO_RAW_HTML_SNAPSHOT",""
"MASTER_MISSING_FROM_SERVER","info","tai_ajakirja_sotsiaaltoo_tutvustus_arhiiv","Ajakirja Sotsiaaltöö tutvustus / arhiiv","html","https://www.tai.ee/et/ajakiri-sotsiaaltoo/ajakirja-tutvustus-tellimine-ja-kaastood","MISSING","NO_RAW_HTML_SNAPSHOT",""
"MASTER_MISSING_FROM_SERVER","info","tai_dea_valjaande_leht","DEA väljaande leht","html","https://dea.digar.ee/publication/AKsotsiaaltoo","MISSING","NO_RAW_HTML_SNAPSHOT",""
"MASTER_MISSING_FROM_SERVER","info","tervisekassa_vaevuste_leevendamine_palliatiivses_ravis","Vaevuste leevendamine palliatiivses ravis","html","https://tervisekassa.ee/media/388/download?inline=","MISSING","NO_RAW_HTML_SNAPSHOT",""
"MASTER_MISSING_FROM_SERVER","info","tervisekassa_pikk_covid_patsiendijuhend","Pikk COVID patsiendijuhend","pdf","https://tervisekassa.ee/sites/default/files/Pikk_Covid_patsiendijuhend_web.pdf","MISSING","LOCAL_FILE_EXISTS",""
"MASTER_MISSING_FROM_SERVER","info","tervisekassa_pikk_covid_esmatasandil_kasitlusjuhend","Pikk COVID esmatasandil: käsitlusjuhend","pdf","https://tervisekassa.ee/sites/default/files/Pikk_Covid_k%C3%A4sitlusjuhend_web.pdf","MISSING","LOCAL_FILE_EXISTS",""
"MASTER_MISSING_FROM_SERVER","info","terviseamet_infektsioonikontrollialase_toimepidevuse_ja_riskijuhtimise_j","Infektsioonikontrollialase toimepidevuse ja riskijuhtimise juhendmaterjal hoolekandeasutustele","pdf","https://www.terviseamet.ee/sites/default/files/documents/2024-10/infektsioonikontrollialase_toimepidevuse_ja_riskijuhtimise_juhendmaterjal%20%282023%29.pdf","MISSING","LOCAL_FILE_EXISTS",""
"MASTER_MISSING_FROM_SERVER","info","terviseamet_infektsioonikontrollialase_toimepidevuse_ja_riskijuhtimise_m","Infektsioonikontrollialase toimepidevuse ja riskijuhtimise metoodika","pdf","https://www.terviseamet.ee/sites/default/files/documents/2024-10/infektsioonikontrollialase_toimepidevuse_ja_riskijuhtimise_metoodika.pdf","MISSING","LOCAL_FILE_EXISTS",""
"MASTER_MISSING_FROM_SERVER","info","terviseamet_nakkushaiguste_ennetamise_ja_torjealane_tegevusjuhend_hoolde","Nakkushaiguste ennetamise ja tõrjealane tegevusjuhend hooldekodudele","pdf","https://www.terviseamet.ee/sites/default/files/documents/2024-10/Nakkushaiguste_ennetamise_ja_torjealane_tegevusjuhend_hooldekodudele%20%282017%29.pdf","MISSING","LOCAL_FILE_EXISTS",""
"MASTER_MISSING_FROM_SERVER","info","terviseamet_hoolekandeasutuste_tegevusjuhis_covid_19_tingimustes","Hoolekandeasutuste tegevusjuhis COVID-19 tingimustes","pdf","https://www.terviseamet.ee/sites/default/files/documents/2024-11/Hoolekandeasutuste%20tegevusjuhis%20COVID-19%20tingimustes.pdf","MISSING","LOCAL_FILE_EXISTS",""
"MASTER_MISSING_FROM_SERVER","info","terviseamet_patsiendiohutusjuhtumi_raporteerimise_ja_menetlemise_juhend","Patsiendiohutusjuhtumi raporteerimise ja menetlemise juhend","pdf","https://www.terviseamet.ee/sites/default/files/documents/2024-11/patsiendiohutusjuhtumi_raporteerimise_ja_menetlemise_juhend.pdf","MISSING","DOWNLOAD_FAILED","HTTP 404"
"MASTER_MISSING_FROM_SERVER","info","terviseamet_pohak_i_aasta_kokkuvote","POHAK I aasta kokkuvõte","pdf","https://terviseamet.ee/sites/default/files/documents/2026-04/POHAK_I%20aasta%20kokkuv%C3%B5te.pdf","MISSING","DOWNLOAD_FAILED","HTTP 404"
"MASTER_MISSING_FROM_SERVER","info","terviseamet_taiskasvanute_vaktsineerimissoovitused","Täiskasvanute vaktsineerimissoovitused","pdf","https://www.terviseamet.ee/sites/default/files/documents/2026-04/T%C3%A4iskasvanute%20vaktsineerimine_0.pdf","MISSING","DOWNLOAD_FAILED","HTTP 404"
"MASTER_MISSING_FROM_SERVER","info","tootukassa_ska_sotsiaalministeerium_toovoime_hindamise_metoodika","Töövõime hindamise metoodika","html","https://www.sm.ee/media/60/download","MISSING","NO_RAW_HTML_SNAPSHOT",""
"MASTER_MISSING_FROM_SERVER","info","tootukassa_ska_sotsiaalministeerium_toovoime_hindamine","Töövõime hindamine","html","https://www.sm.ee/media/59/download","MISSING","NO_RAW_HTML_SNAPSHOT",""
"MASTER_MISSING_FROM_SERVER","info","tootukassa_ska_sotsiaalministeerium_kes_aitab_ja_kuhu_poorduda_kui_vajad_tooealisena_tuge","Kes aitab ja kuhu pöörduda, kui vajad tööealisena tuge?","pdf","https://www.sotsiaalkindlustusamet.ee/sites/default/files/documents/2026-02/puudeta-tooealisele.pdf","MISSING","DOWNLOAD_FAILED","HTTP 404"
"MASTER_MISSING_FROM_SERVER","info","sotsiaalkindlustusamet_ohvriabi_infomaterjalide_kataloog_2026","Ohvriabi infomaterjalide kataloog 2026","pdf","https://sotsiaalkindlustusamet.ee/sites/default/files/documents/2026-02/OA%20infomaterjalide%20kataloog%202026.pdf","MISSING","DOWNLOAD_FAILED","HTTP 404"
"MASTER_MISSING_FROM_SERVER","info","sotsiaalkindlustusamet_sotsiaalse_rehabilitatsiooni_teenuse_osutamise_juhend","Sotsiaalse rehabilitatsiooni teenuse osutamise juhend","html","https://www.sotsiaalkindlustusamet.ee/node/12902/main_chapter/20207/pdf","MISSING","NO_RAW_HTML_SNAPSHOT",""
"MASTER_MISSING_FROM_SERVER","info","sotsiaalministeerium_puude_raskusastme_tuvastamine_ja_toovoime_hindamine","Puude raskusastme tuvastamine ja töövõime hindamine","html","https://www.sm.ee/media/1823/download","MISSING","NO_RAW_HTML_SNAPSHOT",""
"MASTER_MISSING_FROM_SERVER","info","sotsiaalministeerium_ohvriabi_susteemi_arendamine","Ohvriabi süsteemi arendamine","html","https://sm.ee/media/2471/download","MISSING","NO_RAW_HTML_SNAPSHOT",""
"MASTER_MISSING_FROM_SERVER","info","astangu_harjutuste_kogu","Harjutuste kogu","pdf","https://www.astangu.ee/sites/default/files/media/Harjutuste%20kogu.pdf","MISSING","LOCAL_FILE_EXISTS",""
"ID_DRIFT_STRONG_CONTENT_MATCH","medium","sotsiaaltoo-2-2024-elut-preemia-laureaat-kai-rannastu-uksi-sotsiaaltood-ei-tee-2024-2","Elutööpreemia laureaat Kai Rannastu: „Üksi sotsiaaltööd ei tee!“","FILE","","PRESENT","LOCAL_ORIGINAL_TITLE","unique_journal_title; docs/Andmebaas/ajakiri_sotsiaaltoo/24-2/Sotsiaaltoo_2_2024_web_Part3.pdf | docs/Andmebaas/ajakiri_sotsiaaltoo/24-2/sotsiaaltoo-2-2024-artikkel-02-kai_rannastu.json"
"ID_DRIFT_STRONG_CONTENT_MATCH","medium","sotsiaaltoo-4-2020-ennetava-sekkumise-mojuanal-si-voimalusi-spin-programmi-naitel-2020-4","Ennetava sekkumise mõjuanalüüsi võimalusi SPIN-programmi näitel","FILE","","PRESENT","LOCAL_ORIGINAL_TITLE","unique_journal_title; docs/Andmebaas/ajakiri_sotsiaaltoo/20-4/Ennetava_sekkumise_mõjuanalüüsi.json | docs/Andmebaas/ajakiri_sotsiaaltoo/20-4/Sotsiaaltoo_4_2020_web_link_Part14.pdf"
"ID_DRIFT_STRONG_CONTENT_MATCH","medium","sotsiaaltoo-3-2021-interdistsiplinaarsed-loovmeetodid-sotsiaalt-s-virtuaalne-konverents-tudengilt-tudengile","Interdistsiplinaarsed loovmeetodid sotsiaaltöös (virtuaalne konverents tudengilt‑tudengile)","FILE","","PRESENT","LOCAL_ORIGINAL_TITLE","unique_journal_title; docs/Andmebaas/ajakiri_sotsiaaltoo/21-3/Interdistsiplinaarsed_loovmeetodid_sotsiaaltöös.json | docs/Andmebaas/ajakiri_sotsiaaltoo/21-3/Sotsiaaltoo_3_2021_web_link_Part17.pdf"
"ID_DRIFT_STRONG_CONTENT_MATCH","medium","kov::maardu-linn::item::maardu_linn_service_isikliku_abistaja_teenus","Isikliku abistaja teenus","TEXT","https://maardu.ee/isikliku-abistaja-teenus","PRESENT","LOCAL_STRUCTURED_URL_TITLE","kov_normalized_url_and_title; docs/Andmebaas/KOV/maardu-linn/maardu-linn.json"
"ID_DRIFT_STRONG_CONTENT_MATCH","medium","kov::maardu-linn::item::maardu_linn_contact_jekaterina_djomina","Jekaterina Djomina","TEXT","https://maardu.ee/ametnikud1","PRESENT","LOCAL_STRUCTURED_URL_TITLE","kov_normalized_url_and_title; docs/Andmebaas/KOV/kov_kontaktid_loplik.json"
"ID_DRIFT_STRONG_CONTENT_MATCH","medium","kov::maardu-linn::item::maardu_linn_contact_jelena_afonova","Jelena Afonova","TEXT","https://maardu.ee/ametnikud1","PRESENT","LOCAL_STRUCTURED_URL_TITLE","kov_normalized_url_and_title; docs/Andmebaas/KOV/kov_kontaktid_loplik.json"
"ID_DRIFT_STRONG_CONTENT_MATCH","medium","sotsiaaltoo-3-2021-kanep-mis-on-mis","Kanep – mis on mis?","FILE","","PRESENT","LOCAL_ORIGINAL_TITLE","unique_journal_title; docs/Andmebaas/ajakiri_sotsiaaltoo/21-3/Kanep_–_mis.json | docs/Andmebaas/ajakiri_sotsiaaltoo/21-3/Sotsiaaltoo_3_2021_web_link_Part18.pdf"
"ID_DRIFT_STRONG_CONTENT_MATCH","medium","kov::maardu-linn::item::maardu_linn_contact_karina_neimla_nikiforova","Karina Neimla-Nikiforova","TEXT","https://maardu.ee/ametnikud1","PRESENT","LOCAL_STRUCTURED_URL_TITLE","kov_normalized_url_and_title; docs/Andmebaas/KOV/kov_kontaktid_loplik.json"
"ID_DRIFT_STRONG_CONTENT_MATCH","medium","kov::maardu-linn::item::maardu_linn_contact_marina_keizo","Marina Keizo","TEXT","https://maardu.ee/ametnikud1","PRESENT","LOCAL_STRUCTURED_URL_TITLE","kov_normalized_url_and_title; docs/Andmebaas/KOV/kov_kontaktid_loplik.json"
"ID_DRIFT_STRONG_CONTENT_MATCH","medium","sotsiaaltoo-4-2023-mis-juhtuks-kui-meditsiini-ja-sotsiaalvaldkonna-terminoloogias-tehtaks-koosto-d-2023-4","Mis juhtuks, kui meditsiini- ja sotsiaalvaldkonna terminoloogias tehtaks koostööd?","FILE","","PRESENT","LOCAL_ORIGINAL_TITLE","unique_journal_title; docs/Andmebaas/ajakiri_sotsiaaltoo/23-4/Sotsiaaltoo_4_2023_web_Part9.pdf | docs/Andmebaas/ajakiri_sotsiaaltoo/23-4/sotsiaaltoo-4-2023_artikkel_8_meditsiini_ja_sotsiaalvaldkonna_terminoloogia.json"
"ID_DRIFT_STRONG_CONTENT_MATCH","medium","kov::maardu-linn::item::maardu_linn_contact_natalja_fjodorova","Natalja Fjodorova","TEXT","https://maardu.ee/ametnikud1","PRESENT","LOCAL_STRUCTURED_URL_TITLE","kov_normalized_url_and_title; docs/Andmebaas/KOV/kov_kontaktid_loplik.json"
"ID_DRIFT_STRONG_CONTENT_MATCH","medium","kov::maardu-linn::item::maardu_linn_contact_natalja_tuulik","Natalja Tuulik","TEXT","https://maardu.ee/ametnikud1","PRESENT","LOCAL_STRUCTURED_URL_TITLE","kov_normalized_url_and_title; docs/Andmebaas/KOV/kov_kontaktid_loplik.json"
"ID_DRIFT_STRONG_CONTENT_MATCH","medium","kov::maardu-linn::item::maardu_linn_contact_olga_jevdokimova","Olga Jevdokimova","TEXT","https://maardu.ee/ametnikud1","PRESENT","LOCAL_STRUCTURED_URL_TITLE","kov_normalized_url_and_title; docs/Andmebaas/KOV/kov_kontaktid_loplik.json"
"ID_DRIFT_STRONG_CONTENT_MATCH","medium","sotsiaaltoo-4-2018-pille-vaiksaar-eesm-rk-on-et-lapsed-saaksid-meie-juurest-lahkudes-eluga-paremini-hakkama-2018","Pille Vaiksaar: eesmärk on, et lapsed saaksid meie juurest lahkudes eluga paremini hakkama","FILE","","PRESENT","LOCAL_ORIGINAL_TITLE","unique_journal_title; docs/Andmebaas/ajakiri_sotsiaaltoo/18-4/155619690985_Sotsiaaltoo_nr4_2018_veeb_link_Part3.pdf | docs/Andmebaas/ajakiri_sotsiaaltoo/18-4/pille-vaiksaar-persoon-2018.json"
"ID_DRIFT_STRONG_CONTENT_MATCH","medium","kov::maardu-linn::item::maardu_linn_service_parkimiskaardi_valjastamine","Puudega inimese sõiduki parkimiskaardi väljastamine","TEXT","https://maardu.ee/puudega-inimese-soiduki-parkimiskaardi-valjastamine","PRESENT","LOCAL_STRUCTURED_URL_TITLE","kov_normalized_url_and_title; docs/Andmebaas/KOV/maardu-linn/maardu-linn.json"
"ID_DRIFT_STRONG_CONTENT_MATCH","medium","sotsiaaltoo-2-2023-sotsiaalvaldkonna-toojo-ud-padevus-ja-vaartustamine-2023-2","Sotsiaalvaldkonna tööjõud, pädevus ja väärtustamine","FILE","","PRESENT","LOCAL_ORIGINAL_TITLE","unique_journal_title; docs/Andmebaas/ajakiri_sotsiaaltoo/23-2/Sotsiaaltoo_2_2023_web_par_Part5.pdf | docs/Andmebaas/ajakiri_sotsiaaltoo/23-2/sotsiaaltoo-2-2023_artikkel_4_sotsiaalvaldkonna_toojoud.json"
"ID_DRIFT_STRONG_CONTENT_MATCH","medium","kov::maardu-linn::item::maardu_linn_contact_tatjana_chaus","Tatjana Chaus","TEXT","https://maardu.ee/ametnikud1","PRESENT","LOCAL_STRUCTURED_URL_TITLE","kov_normalized_url_and_title; docs/Andmebaas/KOV/kov_kontaktid_loplik.json"
"ID_DRIFT_STRONG_CONTENT_MATCH","medium","sotsiaaltoo-2-2019-tegevusjuhendaja-vs-hooldusto-taja-2019","Tegevusjuhendaja versus hooldustöötaja","FILE","","PRESENT","LOCAL_ORIGINAL_TITLE","unique_journal_title; docs/Andmebaas/ajakiri_sotsiaaltoo/19-2/Sotsiaaltoo_nr2_2019_veeb_link_Part20.pdf | docs/Andmebaas/ajakiri_sotsiaaltoo/19-2/tegevusjuhendaja-vs-hooldustoötaja-2019.json"
"ID_DRIFT_STRONG_CONTENT_MATCH","medium","sotsiaaltoo-1-2024-valikud-uu-ja-vana-vahel-kilde-euroopa-liidu-uute-liikmesriikide-perepoliitikast-ii-2024-1","Valikud uue ja vana vahel – kilde Euroopa Liidu „uute liikmesriikide“ perepoliitikast (II)","FILE","","PRESENT","LOCAL_ORIGINAL_TITLE","unique_journal_title; docs/Andmebaas/ajakiri_sotsiaaltoo/24-1/Sotsiaaltoo_1_2024_web_Part15.pdf | docs/Andmebaas/ajakiri_sotsiaaltoo/24-1/sotsiaaltoo-1-2024-artikkel-15-perepoliitika_ii.json"
"ID_DRIFT_STRONG_CONTENT_MATCH","medium","kov::maardu-linn::item::maardu_linn_contact_viktoria_danilova","Viktoria Danilova","TEXT","https://maardu.ee/ametnikud1","PRESENT","LOCAL_STRUCTURED_URL_TITLE","kov_normalized_url_and_title; docs/Andmebaas/KOV/kov_kontaktid_loplik.json"
"SOURCE_MASTER_IDENTITY_NOT_PROVEN_IN_EXPORT","not_proven","paasteamet_hoolekande_ja_tervishoiuasutuste_tuleohutus_pdf","Hoolekande- ja tervishoiuasutuste tuleohutus","pdf","https://www.rescue.ee/files/Materjalid/2024-03-03-hoolekande-ja-tervishoiuasutuste-tuleohutus.pdf","IDENTITY_FIELD_ABSENT_FROM_EXPORT","LOCAL_FILE_EXISTS","server docs: paasteamet_hoolekande_ja_tervishoiuasutuste_tuleohutus_pdf"
"SOURCE_MASTER_IDENTITY_NOT_PROVEN_IN_EXPORT","not_proven","paasteamet_tuleohutuspaigaldised_ja_paastevahendid_haiglates_hooldekodu","Tuleohutuspaigaldised ja päästevahendid haiglates/hooldekodudes","pdf","https://www.rescue.ee/files/2018-09/tuleohutuspaigaldised-ja-paastevahendid-haiglates-ja-hooldekodudes.pdf","IDENTITY_FIELD_ABSENT_FROM_EXPORT","LOCAL_FILE_EXISTS","server docs: paasteamet_tuleohutuspaigaldised_ja_paastevahendid_haiglates_hooldekodu"
"SOURCE_MASTER_IDENTITY_NOT_PROVEN_IN_EXPORT","not_proven","oiguskantsler_juhend_abivajavast_lapsest_teatamine_ja_andmekaitse","Juhend: abivajavast lapsest teatamine ja andmekaitse","pdf","https://www.oiguskantsler.ee/sites/default/files/JUHEND%20-%20abivajavast%20lapsest%20teatamine%20ja%20andmekaitse%20%28jaanuar%202021%29.pdf","IDENTITY_FIELD_ABSENT_FROM_EXPORT","LOCAL_FILE_EXISTS","server docs: oiguskantsler_juhend_abivajavast_lapsest_teatamine_ja_andmekaitse"
"SOURCE_MASTER_IDENTITY_NOT_PROVEN_IN_EXPORT","not_proven","oiguskantsler_2025_aasta_tegevuse_ulevaade_puuetega_inimeste_oigused","2025. aasta tegevuse ülevaade: puuetega inimeste õigused","pdf","https://www.oiguskantsler.ee/ylevaade2025/pdf/puuetega-inimeste-oigused.pdf","IDENTITY_FIELD_ABSENT_FROM_EXPORT","LOCAL_FILE_EXISTS","server docs: oiguskantsler_2025_aasta_tegevuse_ulevaade_puuetega_inimeste_oigused"
"SOURCE_MASTER_IDENTITY_NOT_PROVEN_IN_EXPORT","not_proven","oiguskantsler_puuetega_inimeste_oigused_kriisis","Puuetega inimeste õigused kriisis","pdf","https://www.oiguskantsler.ee/sites/default/files/2024-11/Puuetega%20inimeste%20%C3%B5igused%20kriisis.pdf","IDENTITY_FIELD_ABSENT_FROM_EXPORT","LOCAL_FILE_EXISTS","server docs: oiguskantsler_puuetega_inimeste_oigused_kriisis"
"SOURCE_MASTER_IDENTITY_NOT_PROVEN_IN_EXPORT","not_proven","oiguskantsler_lapse_oigused","Lapse õigused","pdf","https://www.oiguskantsler.ee/sites/default/files/L%C3%95K%20voldik%202022_EST.pdf","IDENTITY_FIELD_ABSENT_FROM_EXPORT","LOCAL_FILE_EXISTS","server docs: oiguskantsler_lapse_oigused"
"SOURCE_MASTER_IDENTITY_NOT_PROVEN_IN_EXPORT","not_proven","oiguskantsler_vordne_kohtlemine","Võrdne kohtlemine","pdf","https://www.oiguskantsler.ee/ylevaade2024/pdf/vordne-kohtlemine.pdf","IDENTITY_FIELD_ABSENT_FROM_EXPORT","LOCAL_FILE_EXISTS","server docs: oiguskantsler_vordne_kohtlemine"
"SOURCE_MASTER_IDENTITY_NOT_PROVEN_IN_EXPORT","not_proven","aki_isikuandmed_sotsiaalhoolekande_ja_tervishoiusektoris","Isikuandmed sotsiaalhoolekande- ja tervishoiusektoris","pdf","https://www.aki.ee/sites/default/files/dokumendid/isikuandmed_sotsiaalhoolekande-_ja_tervishoiusektoris.pdf","IDENTITY_FIELD_ABSENT_FROM_EXPORT","LOCAL_FILE_EXISTS","server docs: aki_isikuandmed_sotsiaalhoolekande_ja_tervishoiusektoris"
"SOURCE_MASTER_IDENTITY_NOT_PROVEN_IN_EXPORT","not_proven","aki_isikuandmete_tootleja_uldjuhend","Isikuandmete töötleja üldjuhend","pdf","https://www.aki.ee/sites/default/files/dokumendid/isikuandmete_tootleja_uldjuhend.pdf","IDENTITY_FIELD_ABSENT_FROM_EXPORT","LOCAL_FILE_EXISTS","server docs: aki_isikuandmete_tootleja_uldjuhend"
"SOURCE_MASTER_IDENTITY_NOT_PROVEN_IN_EXPORT","not_proven","aki_tto_de_kasutatavate_kliendisuhtluskeskkondade_seire_kokkuvot","TTO-de kasutatavate kliendisuhtluskeskkondade seire kokkuvõte ja soovitused","pdf","https://www.aki.ee/sites/default/files/documents/2026-01/TTO-de%20kasutatavate%20kliendisuhtluskeskkondade%20seire%20kokkuv%C3%B5te%20ja%20soovitused.pdf","IDENTITY_FIELD_ABSENT_FROM_EXPORT","LOCAL_FILE_EXISTS","server docs: aki_tto_de_kasutatavate_kliendisuhtluskeskkondade_seire_kokkuvot"
"SOURCE_MASTER_IDENTITY_NOT_PROVEN_IN_EXPORT","not_proven","tai_eesti_laste_vaimse_tervise_uuring","Eesti laste vaimse tervise uuring","pdf","https://tai.ee/sites/default/files/2025-05/lvtu_lopparuanne_16mai2025.pdf","IDENTITY_FIELD_ABSENT_FROM_EXPORT","LOCAL_FILE_EXISTS","server docs: tai_eesti_laste_vaimse_tervise_uuring"
"SOURCE_MASTER_IDENTITY_NOT_PROVEN_IN_EXPORT","not_proven","tai_espad_2024_uimastite_tarvitamine_koolinoorte_seas","ESPAD 2024: uimastite tarvitamine koolinoorte seas","pdf","https://tai.ee/sites/default/files/2025-04/espad_raport_2024_21.04.2025.pdf","IDENTITY_FIELD_ABSENT_FROM_EXPORT","LOCAL_FILE_EXISTS","server docs: tai_espad_2024_uimastite_tarvitamine_koolinoorte_seas"
"SOURCE_MASTER_IDENTITY_NOT_PROVEN_IN_EXPORT","not_proven","tai_eesti_taiskasvanud_rahvastiku_uimastite_tarvitamise_uuring_2","Eesti täiskasvanud rahvastiku uimastite tarvitamise uuring 2023","pdf","https://www.tai.ee/sites/default/files/2024-06/tuku_2023.pdf","IDENTITY_FIELD_ABSENT_FROM_EXPORT","LOCAL_FILE_EXISTS","server docs: tai_eesti_taiskasvanud_rahvastiku_uimastite_tarvitamise_uuring_2"
"SOURCE_MASTER_IDENTITY_NOT_PROVEN_IN_EXPORT","not_proven","tai_narkootikumide_tarvitamise_olukord_eestis_2023","Narkootikumide tarvitamise olukord Eestis 2023","pdf","https://www.tai.ee/sites/default/files/2024-06/narkootikumide_tarvitamise_olukord_eestis.pdf","IDENTITY_FIELD_ABSENT_FROM_EXPORT","LOCAL_FILE_EXISTS","server docs: tai_narkootikumide_tarvitamise_olukord_eestis_2023"
"SOURCE_MASTER_IDENTITY_NOT_PROVEN_IN_EXPORT","not_proven","tai_tai_arengukava_2025_2028","TAI arengukava 2025–2028","pdf","https://www.tai.ee/sites/default/files/2025-02/tai_arengukava_2025_13.2.pdf","IDENTITY_FIELD_ABSENT_FROM_EXPORT","LOCAL_FILE_EXISTS","server docs: tai_tai_arengukava_2025_2028"
"SOURCE_MASTER_IDENTITY_NOT_PROVEN_IN_EXPORT","not_proven","statistikaamet_lapse_heaolu_mootmise_kasitlus","Lapse heaolu mõõtmise käsitlus","pdf","https://www.stat.ee/sites/default/files/2020-12/Lapse%20heaolu%20m%C3%B5%C3%B5tmise%20k%C3%A4sitlus.pdf","IDENTITY_FIELD_ABSENT_FROM_EXPORT","LOCAL_FILE_EXISTS","server docs: statistikaamet_lapse_heaolu_mootmise_kasitlus"
"SOURCE_MASTER_IDENTITY_NOT_PROVEN_IN_EXPORT","not_proven","statistikaamet_laste_subjektiivne_heaolu_kohalikus_ja_rahvusvahelises_vaate","Laste subjektiivne heaolu kohalikus ja rahvusvahelises vaates","pdf","https://www.stat.ee/sites/default/files/2020-07/Laste_subjektiivne_heaolu_kohalikus_ja_rahvusvahelises_vaates.pdf","IDENTITY_FIELD_ABSENT_FROM_EXPORT","LOCAL_FILE_EXISTS","server docs: statistikaamet_laste_subjektiivne_heaolu_kohalikus_ja_rahvusvahelises_vaate"
"SOURCE_MASTER_IDENTITY_NOT_PROVEN_IN_EXPORT","not_proven","statistikaamet_puudega_inimeste_sotsiaalne_loimumine","Puudega inimeste sotsiaalne lõimumine","pdf","https://www.stat.ee/sites/default/files/2020-07/Puudega_inimeste_sotsiaalne_loimumine.pdf","IDENTITY_FIELD_ABSENT_FROM_EXPORT","LOCAL_FILE_EXISTS","server docs: statistikaamet_puudega_inimeste_sotsiaalne_loimumine"
"SOURCE_MASTER_IDENTITY_NOT_PROVEN_IN_EXPORT","not_proven","statistikaamet_sotsiaaltrendid_6","Sotsiaaltrendid 6","pdf","https://www.stat.ee/sites/default/files/2020-07/Sotsiaaltrendid_6.pdf","IDENTITY_FIELD_ABSENT_FROM_EXPORT","LOCAL_FILE_EXISTS","server docs: statistikaamet_sotsiaaltrendid_6"
"SOURCE_MASTER_IDENTITY_NOT_PROVEN_IN_EXPORT","not_proven","statistikaamet_sotsiaaltrendid_7","Sotsiaaltrendid 7","pdf","https://www.stat.ee/sites/default/files/2020-07/sotsiaaltrendid_7.pdf","IDENTITY_FIELD_ABSENT_FROM_EXPORT","LOCAL_FILE_EXISTS","server docs: statistikaamet_sotsiaaltrendid_7"
"SOURCE_MASTER_IDENTITY_NOT_PROVEN_IN_EXPORT","not_proven","statistikaamet_vaesus_eestis","Vaesus Eestis","pdf","https://www.stat.ee/sites/default/files/2020-07/Vaesus_Eestis_sisu.pdf","IDENTITY_FIELD_ABSENT_FROM_EXPORT","LOCAL_FILE_EXISTS","server docs: statistikaamet_vaesus_eestis"
"SOURCE_MASTER_IDENTITY_NOT_PROVEN_IN_EXPORT","not_proven","statistikaamet_eesti_statistika_kvartalikiri_2_2018","Eesti Statistika Kvartalikiri 2/2018","pdf","https://www.stat.ee/sites/default/files/2020-07/Kvartalikiri_2-2018.pdf","IDENTITY_FIELD_ABSENT_FROM_EXPORT","LOCAL_FILE_EXISTS","server docs: statistikaamet_eesti_statistika_kvartalikiri_2_2018"
"SOURCE_MASTER_IDENTITY_NOT_PROVEN_IN_EXPORT","not_proven","oska_sotsiaaltoo_seirearuanne_2025","Sotsiaaltöö seirearuanne 2025","pdf","https://uuringud.oska.kutsekoda.ee/assets/pdf/Sotsiaaltoo-SEIREARUANNE-2025.pdf","IDENTITY_FIELD_ABSENT_FROM_EXPORT","LOCAL_FILE_EXISTS","server docs: oska_sotsiaaltoo_seirearuanne_2025"
"SOURCE_MASTER_IDENTITY_NOT_PROVEN_IN_EXPORT","not_proven","oska_oska_sotsiaaltoo_uuringu_terviktekst_2021","OSKA sotsiaaltöö uuringu terviktekst 2021","pdf","https://oska.kutsekoda.ee/wp-content/uploads/2017/01/OSKA_sotsiaaltoo_uuringuaruanne_terviktekst_2021.pdf","IDENTITY_FIELD_ABSENT_FROM_EXPORT","LOCAL_FILE_EXISTS","server docs: oska_oska_sotsiaaltoo_uuringu_terviktekst_2021"
"SOURCE_MASTER_IDENTITY_NOT_PROVEN_IN_EXPORT","not_proven","oska_oska_sotsiaaltoo_uuringu_luhiversioon_2021","OSKA sotsiaaltöö uuringu lühiversioon 2021","pdf","https://uuringud.oska.kutsekoda.ee/assets/files/sotsiaaltoo/3-oska-sotsiaaltoo-uuringuaruanne-lyhiversioon-2021a.pdf","IDENTITY_FIELD_ABSENT_FROM_EXPORT","LOCAL_FILE_EXISTS","server docs: oska_oska_sotsiaaltoo_uuringu_luhiversioon_2021"
"SOURCE_MASTER_IDENTITY_NOT_PROVEN_IN_EXPORT","not_proven","oska_oska_sotsiaaltoo_uuringu_olulisemad_tulemused","OSKA sotsiaaltöö uuringu olulisemad tulemused","pdf","https://uuringud.oska.kutsekoda.ee/assets/files/sotsiaaltoo/4-oska-sotsiaaltoo-olulisemad-tulemused.pdf","IDENTITY_FIELD_ABSENT_FROM_EXPORT","LOCAL_FILE_EXISTS","server docs: oska_oska_sotsiaaltoo_uuringu_olulisemad_tulemused"
"SOURCE_MASTER_IDENTITY_NOT_PROVEN_IN_EXPORT","not_proven","tervisekassa_pereoenduse_tegevusjuhend","Pereõenduse tegevusjuhend","pdf","https://tervisekassa.ee/sites/default/files/Raviasutused/a5_pereoenduse_tegevusjuhend_netti_2.pdf","IDENTITY_FIELD_ABSENT_FROM_EXPORT","LOCAL_FILE_EXISTS","server docs: tervisekassa_pereoenduse_tegevusjuhend"
"SOURCE_MASTER_IDENTITY_NOT_PROVEN_IN_EXPORT","not_proven","tervisekassa_esmatasandi_tervishoiu_arengumudel_lahima_10_aasta_perspekti","Esmatasandi tervishoiu arengumudel lähima 10 aasta perspektiivis","pdf","https://tervisekassa.ee/sites/default/files/uuringud_aruanded/esmatasandi_toimemudel_lahima_10_aasta_perspektiivis.pdf","IDENTITY_FIELD_ABSENT_FROM_EXPORT","LOCAL_FILE_EXISTS","server docs: tervisekassa_esmatasandi_tervishoiu_arengumudel_lahima_10_aasta_perspekti"
"SOURCE_MASTER_IDENTITY_NOT_PROVEN_IN_EXPORT","not_proven","tervisekassa_arevushaire_kasitlus_esmatasandil_kliinilise_auditi_kokkuvot","Ärevushäire käsitlus esmatasandil – kliinilise auditi kokkuvõte","pdf","https://tervisekassa.ee/sites/default/files/kvaliteet/Haigekassa/2018_arevushaire_kasitlus_esmatasandil_kokkuvote.pdf","IDENTITY_FIELD_ABSENT_FROM_EXPORT","LOCAL_FILE_EXISTS","server docs: tervisekassa_arevushaire_kasitlus_esmatasandil_kliinilise_auditi_kokkuvot"
"SOURCE_MASTER_IDENTITY_NOT_PROVEN_IN_EXPORT","not_proven","terviseamet_kokkuvote_2024_aasta_kohta_haridus_ja_sotsiaalasutuste_tervi","Kokkuvõte 2024. aasta kohta: haridus- ja sotsiaalasutuste tervisekaitse järelevalve","pdf","https://www.terviseamet.ee/sites/default/files/documents/2025-04/2024.%20a%20kokkuv%C3%B5te.pdf","IDENTITY_FIELD_ABSENT_FROM_EXPORT","LOCAL_FILE_EXISTS","server docs: terviseamet_kokkuvote_2024_aasta_kohta_haridus_ja_sotsiaalasutuste_tervi"
"SOURCE_MASTER_IDENTITY_NOT_PROVEN_IN_EXPORT","not_proven","terviseamet_kokkuvote_2022_aasta_kohta_haridus_ja_sotsiaalasutuste_tervi","Kokkuvõte 2022. aasta kohta: haridus- ja sotsiaalasutuste tervisekaitse järelevalve","pdf","https://www.terviseamet.ee/sites/default/files/documents/2024-06/2022.%20a%20kokkuv%C3%B5te_haridus_sotsiaal_.pdf","IDENTITY_FIELD_ABSENT_FROM_EXPORT","LOCAL_FILE_EXISTS","server docs: terviseamet_kokkuvote_2022_aasta_kohta_haridus_ja_sotsiaalasutuste_tervi"
"SOURCE_MASTER_IDENTITY_NOT_PROVEN_IN_EXPORT","not_proven","terviseamet_gripivastase_vaktsineerimise_labiviimise_juhend_2025","Gripivastase vaktsineerimise läbiviimise juhend 2025","pdf","https://www.terviseamet.ee/sites/default/files/documents/2026-03/Lisa%202.5.1.%20Juhis_gripivastase_vaktsineerimise_labiviimiseks_2025.pdf","IDENTITY_FIELD_ABSENT_FROM_EXPORT","LOCAL_FILE_EXISTS","server docs: terviseamet_gripivastase_vaktsineerimise_labiviimise_juhend_2025"
"SOURCE_MASTER_IDENTITY_NOT_PROVEN_IN_EXPORT","not_proven","riigikontroll_omavalitsuste_tegevus_erivajadustega_inimeste_toetamisel","Omavalitsuste tegevus erivajadustega inimeste toetamisel","pdf","https://www.riigikontroll.ee/sites/default/files/documents/2025-11/19429_RKTR_6574_2-1.4_2321_001-2%20%281%29.pdf","IDENTITY_FIELD_ABSENT_FROM_EXPORT","LOCAL_FILE_EXISTS","server docs: riigikontroll_omavalitsuste_tegevus_erivajadustega_inimeste_toetamisel"
"SOURCE_MASTER_IDENTITY_NOT_PROVEN_IN_EXPORT","not_proven","riigikontroll_ulevaade_erihoolekandeteenuste_kattesaadavusest","Ülevaade erihoolekandeteenuste kättesaadavusest","pdf","https://www.riigikontroll.ee/sites/default/files/documents/2025-11/19828_RKTR_6603_2-1.4_2349_002-1.pdf","IDENTITY_FIELD_ABSENT_FROM_EXPORT","LOCAL_FILE_EXISTS","server docs: riigikontroll_ulevaade_erihoolekandeteenuste_kattesaadavusest"
"SOURCE_MASTER_IDENTITY_NOT_PROVEN_IN_EXPORT","not_proven","riigikontroll_koduteenuste_korraldus","Koduteenuste korraldus","pdf","https://www.riigikontroll.ee/sites/default/files/documents/2025-11/19294_RKTR_6564_2-1.4_2312_002-2.pdf","IDENTITY_FIELD_ABSENT_FROM_EXPORT","LOCAL_FILE_EXISTS","server docs: riigikontroll_koduteenuste_korraldus"
"SOURCE_MASTER_IDENTITY_NOT_PROVEN_IN_EXPORT","not_proven","riigikontroll_toimetulekutoetuse_kui_riikliku_sotsiaalabi_korraldus","Toimetulekutoetuse kui riikliku sotsiaalabi korraldus","pdf","https://www.riigikontroll.ee/sites/default/files/documents/2025-11/16215_RKTR_3559_2-1.4_2299_002-2.pdf","IDENTITY_FIELD_ABSENT_FROM_EXPORT","LOCAL_FILE_EXISTS","server docs: riigikontroll_toimetulekutoetuse_kui_riikliku_sotsiaalabi_korraldus"
"SOURCE_MASTER_IDENTITY_NOT_PROVEN_IN_EXPORT","not_proven","riigikontroll_haridusliku_erivajadusega_noorte_kutseopingute_ja_tooturule_","Haridusliku erivajadusega noorte kutseõpingute ja tööturule jõudmise toetamine","pdf","https://www.riigikontroll.ee/sites/default/files/documents/2025-11/19750_RKTR_6598_2-1.4_2344_003-2.pdf","IDENTITY_FIELD_ABSENT_FROM_EXPORT","LOCAL_FILE_EXISTS","server docs: riigikontroll_haridusliku_erivajadusega_noorte_kutseopingute_ja_tooturule_"
"SOURCE_MASTER_IDENTITY_NOT_PROVEN_IN_EXPORT","not_proven","riigikontroll_toovoime_vahenemise_ennetamine","Töövõime vähenemise ennetamine","pdf","https://www.riigikontroll.ee/sites/default/files/documents/2025-11/18277_RKTR_5564_2-1.4_2308_001-2.pdf","IDENTITY_FIELD_ABSENT_FROM_EXPORT","LOCAL_FILE_EXISTS","server docs: riigikontroll_toovoime_vahenemise_ennetamine"
"SOURCE_MASTER_IDENTITY_NOT_PROVEN_IN_EXPORT","not_proven","vordoigusvolinik_vordoiguslikkus_eestis_2024","Võrdõiguslikkus Eestis 2024","pdf","https://www.volinik.ee/volinik-live-web-prd/s3fs-public/2025-06/V%C3%B5rd%C3%B5igusvoliniku-aastaraamat-2024_1.pdf","IDENTITY_FIELD_ABSENT_FROM_EXPORT","LOCAL_FILE_EXISTS","server docs: vordoigusvolinik_vordoiguslikkus_eestis_2024"
"SOURCE_MASTER_IDENTITY_NOT_PROVEN_IN_EXPORT","not_proven","vordoigusvolinik_voin_olla_puudega_laste_piltsonastik_puuetest","Võin olla puudega – laste piltsõnastik puuetest","pdf","https://www.volinik.ee/volinik-live-web-prd/s3fs-public/2026-01/piltsonastiku-veebiversioon2.pdf","IDENTITY_FIELD_ABSENT_FROM_EXPORT","LOCAL_FILE_EXISTS","server docs: vordoigusvolinik_voin_olla_puudega_laste_piltsonastik_puuetest"
"SOURCE_MASTER_IDENTITY_NOT_PROVEN_IN_EXPORT","not_proven","vordoigusvolinik_juhendmaterjal_karjaarispetsialistidele","Juhendmaterjal karjäärispetsialistidele","pdf","https://www.volinik.ee/volinik-live-web-prd/s3fs-public/2024-02/BREAK-KARJA%CC%88A%CC%88RISPETS-44lk_A4_EST.pdf","IDENTITY_FIELD_ABSENT_FROM_EXPORT","LOCAL_FILE_EXISTS","server docs: vordoigusvolinik_juhendmaterjal_karjaarispetsialistidele"
"SOURCE_MASTER_IDENTITY_NOT_PROVEN_IN_EXPORT","not_proven","vordoigusvolinik_voliniku_poole_poordumiste_statistika_2021","Voliniku poole pöördumiste statistika 2021","pdf","https://volinik.ee/volinik-live-web-prd/s3fs-public/wp-content/uploads/2022/06/Volinik_2021_ulevaade.pdf","IDENTITY_FIELD_ABSENT_FROM_EXPORT","LOCAL_FILE_EXISTS","server docs: vordoigusvolinik_voliniku_poole_poordumiste_statistika_2021"
"SOURCE_MASTER_IDENTITY_NOT_PROVEN_IN_EXPORT","not_proven","vordoigusvolinik_arvamus_toovoimetuslehe_teemal","Arvamus töövõimetuslehe teemal","pdf","https://volinik.ee/volinik-live-web-prd/s3fs-public/2023-08/Arvamus-nr-44_To%CC%88o%CC%88vo%CC%83imetusleht.pdf","IDENTITY_FIELD_ABSENT_FROM_EXPORT","LOCAL_FILE_EXISTS","server docs: vordoigusvolinik_arvamus_toovoimetuslehe_teemal"
"SOURCE_MASTER_IDENTITY_NOT_PROVEN_IN_EXPORT","not_proven","tootukassa_ska_sotsiaalministeerium_puude_raskusastme_tuvastamise_ja_toovoime_hindamise_taotlus_","Puude raskusastme tuvastamise ja töövõime hindamise taotlus – tööealine","pdf","https://www.sotsiaalkindlustusamet.ee/sites/default/files/documents/2023-07/toovoime_hindamine_ja_puude_raskusastme_tuvastamise_taotlus.pdf","IDENTITY_FIELD_ABSENT_FROM_EXPORT","LOCAL_FILE_EXISTS","server docs: tootukassa_ska_sotsiaalministeerium_puude_raskusastme_tuvastamise_ja_toovoime_hindamise_taotlus_"
"SOURCE_MASTER_IDENTITY_NOT_PROVEN_IN_EXPORT","not_proven","tootukassa_ska_sotsiaalministeerium_kes_aitab_ja_kuhu_poorduda_kui_sul_on_tuvastatud_puude_rasku","Kes aitab ja kuhu pöörduda, kui sul on tuvastatud puude raskusaste?","pdf","https://sotsiaalkindlustusamet.ee/sites/default/files/documents/2025-02/puudega-tooealisele.pdf","IDENTITY_FIELD_ABSENT_FROM_EXPORT","LOCAL_FILE_EXISTS","server docs: tootukassa_ska_sotsiaalministeerium_kes_aitab_ja_kuhu_poorduda_kui_sul_on_tuvastatud_puude_rasku"
"SOURCE_MASTER_IDENTITY_NOT_PROVEN_IN_EXPORT","not_proven","tootukassa_ska_sotsiaalministeerium_star_strateegia_2026_2030","STAR strateegia 2026–2030","pdf","https://sotsiaalkindlustusamet.ee/sites/default/files/documents/2026-03/Lisa%201_Sotsiaalteenuste%20ja%20-toetuste%20andmeregistri%20strateegia%20aastateks%202026-2030.pdf","IDENTITY_FIELD_ABSENT_FROM_EXPORT","LOCAL_FILE_EXISTS","server docs: tootukassa_ska_sotsiaalministeerium_star_strateegia_2026_2030"
"SOURCE_MASTER_IDENTITY_NOT_PROVEN_IN_EXPORT","not_proven","tootukassa_ska_sotsiaalministeerium_star_strateegia_tegevused_2026_2029","STAR strateegia tegevused 2026–2029","pdf","https://sotsiaalkindlustusamet.ee/sites/default/files/documents/2026-03/Lisa%203_STAR%20strateegia%20tegevused_0.pdf","IDENTITY_FIELD_ABSENT_FROM_EXPORT","LOCAL_FILE_EXISTS","server docs: tootukassa_ska_sotsiaalministeerium_star_strateegia_tegevused_2026_2029"
"SOURCE_MASTER_IDENTITY_NOT_PROVEN_IN_EXPORT","not_proven","tootukassa_ska_sotsiaalministeerium_toovoime_toetamise_skeemi_loomise_ja_juurutamise_vahehindami","Töövõime toetamise skeemi loomise ja juurutamise vahehindamise lõpparuanne","pdf","https://mkm.ee/sites/default/files/documents/2023-07/T%C3%B6%C3%B6v%C3%B5ime%20toetamise%20skeemi%20loomise%20ja%20juurutamise%20vahehindamise%20l%C3%B5pparuanne.pdf","IDENTITY_FIELD_ABSENT_FROM_EXPORT","LOCAL_FILE_EXISTS","server docs: tootukassa_ska_sotsiaalministeerium_toovoime_toetamise_skeemi_loomise_ja_juurutamise_vahehindami"
"SOURCE_MASTER_IDENTITY_NOT_PROVEN_IN_EXPORT","not_proven","tootukassa_ska_sotsiaalministeerium_toovoime_toetamise_skeemi_loomise_ja_juurutamise_vahehindami_2","Töövõime toetamise skeemi loomise ja juurutamise vahehindamise infoleht","pdf","https://mkm.ee/sites/default/files/documents/2023-07/T%C3%B6%C3%B6v%C3%B5ime%20toetamise%20skeemi%20loomise%20ja%20juurutamise%20vahehindamise%20infoleht.pdf","IDENTITY_FIELD_ABSENT_FROM_EXPORT","LOCAL_FILE_EXISTS","server docs: tootukassa_ska_sotsiaalministeerium_toovoime_toetamise_skeemi_loomise_ja_juurutamise_vahehindami_2"
"SOURCE_MASTER_IDENTITY_NOT_PROVEN_IN_EXPORT","not_proven","tootukassa_ska_sotsiaalministeerium_toovoime_toetamise_susteemi_loomise_ja_juurutamise_makromaja","Töövõime toetamise süsteemi loomise ja juurutamise makromajandusliku mõju hindamine","pdf","https://www.mkm.ee/sites/default/files/documents/2023-07/T%C3%B6%C3%B6v%C3%B5ime%20toetamise%20s%C3%BCsteemi%20loomise%20ja%20juurutamise%20makromajandusliku%20m%C3%B5ju%20hindamine%20l%C3%B5pparuanne%20%282%29.pdf","IDENTITY_FIELD_ABSENT_FROM_EXPORT","LOCAL_FILE_EXISTS","server docs: tootukassa_ska_sotsiaalministeerium_toovoime_toetamise_susteemi_loomise_ja_juurutamise_makromaja"
"SOURCE_MASTER_IDENTITY_NOT_PROVEN_IN_EXPORT","not_proven","tootukassa_ska_sotsiaalministeerium_tooandjate_hoiakud_vahenenud_toovoimega_inimeste_tootamise_s","Tööandjate hoiakud vähenenud töövõimega inimeste töötamise suhtes","pdf","https://mkm.ee/sites/default/files/documents/2023-07/2021_tvrtooandjateuuringuloppraport.pdf","IDENTITY_FIELD_ABSENT_FROM_EXPORT","LOCAL_FILE_EXISTS","server docs: tootukassa_ska_sotsiaalministeerium_tooandjate_hoiakud_vahenenud_toovoimega_inimeste_tootamise_s"
"SOURCE_MASTER_IDENTITY_NOT_PROVEN_IN_EXPORT","not_proven","tootukassa_ska_sotsiaalministeerium_teadlikkus_ja_hoiakud_vahenenud_toovoimega_inimeste_ning_too","Teadlikkus ja hoiakud vähenenud töövõimega inimeste ning töövõimereformi teemal","pdf","https://mkm.ee/sites/default/files/documents/2023-07/2017_tvr_koondraport.pdf","IDENTITY_FIELD_ABSENT_FROM_EXPORT","LOCAL_FILE_EXISTS","server docs: tootukassa_ska_sotsiaalministeerium_teadlikkus_ja_hoiakud_vahenenud_toovoimega_inimeste_ning_too"
"SOURCE_MASTER_IDENTITY_NOT_PROVEN_IN_EXPORT","not_proven","harno_juhendmaterjal_opilase_toetamiseks_koolis","Juhendmaterjal õpilase toetamiseks koolis","pdf","https://harno.ee/sites/default/files/documents/2023-03/Juhendmaterjal_6pilase_toetamiseks_22_1.pdf","IDENTITY_FIELD_ABSENT_FROM_EXPORT","LOCAL_FILE_EXISTS","server docs: harno_juhendmaterjal_opilase_toetamiseks_koolis"
"SOURCE_MASTER_IDENTITY_NOT_PROVEN_IN_EXPORT","not_proven","harno_opilase_toetamine_koolis_varasem_versioon","Õpilase toetamine koolis (varasem versioon)","pdf","https://harno.ee/sites/default/files/documents/2022-02/Juhendmaterjal_6pilase_toetamiseks_22.pdf","IDENTITY_FIELD_ABSENT_FROM_EXPORT","LOCAL_FILE_EXISTS","server docs: harno_opilase_toetamine_koolis_varasem_versioon"
"SOURCE_MASTER_IDENTITY_NOT_PROVEN_IN_EXPORT","not_proven","harno_koolitootajad_jms_toetav_susteemne_lahenemine","Koolitöötajad jms toetav süsteemne lähenemine","pdf","https://harno.ee/sites/default/files/documents/2022-01/Koolitootajad%20jms%20toetav%20s%C3%BCsteemne%20lahenemine_abimaterjal_kujundatud.pdf","IDENTITY_FIELD_ABSENT_FROM_EXPORT","LOCAL_FILE_EXISTS","server docs: harno_koolitootajad_jms_toetav_susteemne_lahenemine"
"SOURCE_MASTER_IDENTITY_NOT_PROVEN_IN_EXPORT","not_proven","harno_opitulemuste_vahendamine_asendamine_ja_kohustusliku_oppeaine","Õpitulemuste vähendamine, asendamine ja kohustusliku õppeaine õppimisest vabastamine","pdf","https://harno.ee/sites/default/files/documents/2022-02/V2hendamine_2022.pdf","IDENTITY_FIELD_ABSENT_FROM_EXPORT","LOCAL_FILE_EXISTS","server docs: harno_opitulemuste_vahendamine_asendamine_ja_kohustusliku_oppeaine"
"SOURCE_MASTER_IDENTITY_NOT_PROVEN_IN_EXPORT","not_proven","harno_erinevate_oppijate_toetamine_opetaja_ja_tugispetsialisti_koo","Erinevate õppijate toetamine õpetaja ja tugispetsialisti koostöös","pdf","https://harno.ee/sites/default/files/documents/2022-01/ErinevateOppijateToetamine_2021.pdf","IDENTITY_FIELD_ABSENT_FROM_EXPORT","LOCAL_FILE_EXISTS","server docs: harno_erinevate_oppijate_toetamine_opetaja_ja_tugispetsialisti_koo"
"SOURCE_MASTER_IDENTITY_NOT_PROVEN_IN_EXPORT","not_proven","harno_opilase_individuaalsuse_arvestamine_voimetekohase_oppe_tagam","Õpilase individuaalsuse arvestamine võimetekohase õppe tagamisel","pdf","https://harno.ee/sites/default/files/documents/2022-01/Individuaalsuse%20arvestamine%20j%C3%B5ukohase%20%C3%B5ppe%20tagamisel%2022.pdf","IDENTITY_FIELD_ABSENT_FROM_EXPORT","LOCAL_FILE_EXISTS","server docs: harno_opilase_individuaalsuse_arvestamine_voimetekohase_oppe_tagam"
"SOURCE_MASTER_IDENTITY_NOT_PROVEN_IN_EXPORT","not_proven","harno_4_sammu_markamiseks_ja_sekkumiseks_opetajale","4 sammu märkamiseks ja sekkumiseks õpetajale","pdf","https://harno.ee/sites/default/files/documents/2021-06/juhend%20%C3%B5petajatele-%20vaimse_tervise_nouanded_17.05.pdf","IDENTITY_FIELD_ABSENT_FROM_EXPORT","LOCAL_FILE_EXISTS","server docs: harno_4_sammu_markamiseks_ja_sekkumiseks_opetajale"
"SOURCE_MASTER_IDENTITY_NOT_PROVEN_IN_EXPORT","not_proven","harno_juhend_laagritele_ja_malevatele_vaimse_tervise_nouanded","Juhend laagritele ja malevatele: vaimse tervise nõuanded","pdf","https://harno.ee/sites/default/files/documents/2021-06/juhend%20laagritele%20jamalevatele-vaimse_tervise_nouanded_laagrid-malevad_14.06.2021.pdf","IDENTITY_FIELD_ABSENT_FROM_EXPORT","LOCAL_FILE_EXISTS","server docs: harno_juhend_laagritele_ja_malevatele_vaimse_tervise_nouanded"
"SOURCE_MASTER_IDENTITY_NOT_PROVEN_IN_EXPORT","not_proven","harno_soovitused_kiusamise_valtimiseks_koolis","Soovitused kiusamise vältimiseks koolis","pdf","https://harno.ee/sites/default/files/documents/2022-03/Koolidele%20toeks%20kiusuennetuses%20m%C3%A4rts-2022.pdf","IDENTITY_FIELD_ABSENT_FROM_EXPORT","LOCAL_FILE_EXISTS","server docs: harno_soovitused_kiusamise_valtimiseks_koolis"
"SOURCE_MASTER_IDENTITY_NOT_PROVEN_IN_EXPORT","not_proven","harno_kutseoppeasutuste_veebilehtede_ja_haridusinfoportaali_analuu","Kutseõppeasutuste veebilehtede ja haridusinfoportaali analüüs","pdf","https://harno.ee/sites/default/files/documents/2021-04/Kutse%C3%B5ppeasutuste%20veebilehtede%20ja%20haridusinfoportaali%20anal%C3%BC%C3%BCs.pdf","IDENTITY_FIELD_ABSENT_FROM_EXPORT","LOCAL_FILE_EXISTS","server docs: harno_kutseoppeasutuste_veebilehtede_ja_haridusinfoportaali_analuu"
"SOURCE_MASTER_IDENTITY_NOT_PROVEN_IN_EXPORT","not_proven","harno_oppekeelest_erineva_emakeelega_opilane_koolis","Õppekeelest erineva emakeelega õpilane koolis","pdf","https://harno.ee/sites/default/files/documents/2022-09/252_Soll_2011_Oppekeelest_erineva_emakeelega_opilane_koolis.pdf","IDENTITY_FIELD_ABSENT_FROM_EXPORT","LOCAL_FILE_EXISTS","server docs: harno_oppekeelest_erineva_emakeelega_opilane_koolis"
"SOURCE_MASTER_IDENTITY_NOT_PROVEN_IN_EXPORT","not_proven","paasteamet_tuleohutuse_infohommik_mida_iga_hoolekandeasutus_peab_teadma","Tuleohutuse infohommik: mida iga hoolekandeasutus peab teadma?","pdf","https://www.rescue.ee/files/Materjalid/2025.04.29hoolekandeasutused-infohommik.pdf","IDENTITY_FIELD_ABSENT_FROM_EXPORT","LOCAL_FILE_EXISTS","server docs: paasteamet_tuleohutuse_infohommik_mida_iga_hoolekandeasutus_peab_teadma"
"SOURCE_MASTER_IDENTITY_NOT_PROVEN_IN_EXPORT","not_proven","paasteamet_haiglate_ja_hooldekodude_projekteerimise_juhis","Haiglate ja hooldekodude projekteerimise juhis","pdf","https://www.rescue.ee/files/2018-09/haiglate-ja-hooldekodude-projekteerimise-juhis-small-.pdf","IDENTITY_FIELD_ABSENT_FROM_EXPORT","LOCAL_FILE_EXISTS","server docs: paasteamet_haiglate_ja_hooldekodude_projekteerimise_juhis"
"SOURCE_MASTER_IDENTITY_NOT_PROVEN_IN_EXPORT","not_proven","paasteamet_evakuatsioonijuhi_koolitusmaterjal","Evakuatsioonijuhi koolitusmaterjal","pdf","https://www.rescue.ee/files/2019-03/1552567704_evakuatsioonijuhile.pdf","IDENTITY_FIELD_ABSENT_FROM_EXPORT","LOCAL_FILE_EXISTS","server docs: paasteamet_evakuatsioonijuhi_koolitusmaterjal"
"SOURCE_MASTER_IDENTITY_NOT_PROVEN_IN_EXPORT","not_proven","paasteamet_juhendmaterjal_praktilise_valjaoppe_labiviimiseks_haiglas_ja","Juhendmaterjal praktilise väljaõppe läbiviimiseks haiglas ja hooldekodus","pdf","https://www.rescue.ee/files/2019-03/praktilise-v-ljaoppe-juhendmaterjal-praktilise-oppe-labiviimiseks-haiglas-ja-hooldekodus.pdf","IDENTITY_FIELD_ABSENT_FROM_EXPORT","LOCAL_FILE_EXISTS","server docs: paasteamet_juhendmaterjal_praktilise_valjaoppe_labiviimiseks_haiglas_ja"
"SOURCE_MASTER_IDENTITY_NOT_PROVEN_IN_EXPORT","not_proven","paasteamet_paasteameti_meelespea_kohalikule_omavalitsusele","Päästeameti meelespea kohalikule omavalitsusele","pdf","https://www.rescue.ee/files/Materjalid/2022-paasteameti-meelespea-kohalikule-omavalitsusele.pdf","IDENTITY_FIELD_ABSENT_FROM_EXPORT","LOCAL_FILE_EXISTS","server docs: paasteamet_paasteameti_meelespea_kohalikule_omavalitsusele"
"SOURCE_MASTER_IDENTITY_NOT_PROVEN_IN_EXPORT","not_proven","paasteamet_paastevorgustiku_strateegia_aastani_2025","Päästevõrgustiku strateegia aastani 2025","pdf","https://www.rescue.ee/files/dokumendid/paastevorgustiku-strateegia-aastani-2025-est.pdf","IDENTITY_FIELD_ABSENT_FROM_EXPORT","LOCAL_FILE_EXISTS","server docs: paasteamet_paastevorgustiku_strateegia_aastani_2025"
"SOURCE_MASTER_IDENTITY_NOT_PROVEN_IN_EXPORT","not_proven","paasteamet_ehituslike_tuleohutusnouete_kokkuvote","Ehituslike tuleohutusnõuete kokkuvõte","pdf","https://www.rescue.ee/files/2020-09/est-rgb.pdf","IDENTITY_FIELD_ABSENT_FROM_EXPORT","LOCAL_FILE_EXISTS","server docs: paasteamet_ehituslike_tuleohutusnouete_kokkuvote"
"SOURCE_MASTER_IDENTITY_NOT_PROVEN_IN_EXPORT","not_proven","paasteamet_tuleohutuskonsultandi_koolitusmaterjal","Tuleohutuskonsultandi koolitusmaterjal","pdf","https://www.rescue.ee/files/2019-03/tuleohutuskonsultandile.pdf","IDENTITY_FIELD_ABSENT_FROM_EXPORT","LOCAL_FILE_EXISTS","server docs: paasteamet_tuleohutuskonsultandi_koolitusmaterjal"
"SOURCE_MASTER_IDENTITY_NOT_PROVEN_IN_EXPORT","not_proven","paasteamet_enesekontrolli_tuleohutusaruanne","Enesekontrolli tuleohutusaruanne","pdf","https://www.rescue.ee/files/2018-10/1539949760_-.pdf","IDENTITY_FIELD_ABSENT_FROM_EXPORT","LOCAL_FILE_EXISTS","server docs: paasteamet_enesekontrolli_tuleohutusaruanne"
"SOURCE_MASTER_IDENTITY_NOT_PROVEN_IN_EXPORT","not_proven","peaasi_ee_koolilaste_ja_noorte_vaimne_tervis","Koolilaste ja noorte vaimne tervis","pdf","https://peaasi.ee/wp-content/uploads/2014/11/Laste-vaimne-tervis-koolis.pdf","IDENTITY_FIELD_ABSENT_FROM_EXPORT","LOCAL_FILE_EXISTS","server docs: peaasi_ee_koolilaste_ja_noorte_vaimne_tervis"
"SOURCE_MASTER_IDENTITY_NOT_PROVEN_IN_EXPORT","not_proven","peaasi_ee_vaimse_tervise_hoidmine_4_7_klass","Vaimse tervise hoidmine (4.–7. klass)","pdf","https://peaasi.ee/wp-content/uploads/2018/11/Tunnikava-4-7kl-vaimne-tervis.pdf","IDENTITY_FIELD_ABSENT_FROM_EXPORT","LOCAL_FILE_EXISTS","server docs: peaasi_ee_vaimse_tervise_hoidmine_4_7_klass"
"SOURCE_MASTER_IDENTITY_NOT_PROVEN_IN_EXPORT","not_proven","peaasi_ee_vaimse_tervise_hoidmine_8_12_klass","Vaimse tervise hoidmine (8.–12. klass)","pdf","https://peaasi.ee/wp-content/uploads/2018/11/Tunnikava-8-12kl-vaimne-tervis.pdf","IDENTITY_FIELD_ABSENT_FROM_EXPORT","LOCAL_FILE_EXISTS","server docs: peaasi_ee_vaimse_tervise_hoidmine_8_12_klass"
"SOURCE_MASTER_IDENTITY_NOT_PROVEN_IN_EXPORT","not_proven","peaasi_ee_stigma_8_12_klass","Stigma (8.–12. klass)","pdf","https://peaasi.ee/wp-content/uploads/2018/11/Tunnikava-8-12kl-stigma.pdf","IDENTITY_FIELD_ABSENT_FROM_EXPORT","LOCAL_FILE_EXISTS","server docs: peaasi_ee_stigma_8_12_klass"
"SOURCE_MASTER_IDENTITY_NOT_PROVEN_IN_EXPORT","not_proven","peaasi_ee_peaasi_ee_haridus","Peaasi.ee Haridus","pdf","https://peaasi.ee/wp-content/uploads/2023/10/Peaasi.ee-Haridus.pdf","IDENTITY_FIELD_ABSENT_FROM_EXPORT","LOCAL_FILE_EXISTS","server docs: peaasi_ee_peaasi_ee_haridus"
"SOURCE_MASTER_IDENTITY_NOT_PROVEN_IN_EXPORT","not_proven","praxis_centar_taiskasvanud_erivajadusega_inimeste_abivajaduse_hindamine_ja","Täiskasvanud erivajadusega inimeste abivajaduse hindamine ja teenuste osutamine","pdf","https://www.praxis.ee/uploads/2020/05/Erivajadustega-inimeste-abivajaduse-hindamine-ja-teenuste-osutamine_lo%CC%83ppraport_10.02.pdf","IDENTITY_FIELD_ABSENT_FROM_EXPORT","LOCAL_FILE_EXISTS","server docs: praxis_centar_taiskasvanud_erivajadusega_inimeste_abivajaduse_hindamine_ja"
"SOURCE_MASTER_IDENTITY_NOT_PROVEN_IN_EXPORT","not_proven","praxis_centar_taiskasvanud_erivajadusega_inimeste_abivajaduse_hindamine_ja_2","Täiskasvanud erivajadusega inimeste abivajaduse hindamine ja teenuste osutamine – lühikokkuvõte","pdf","https://www.praxis.ee/uploads/2020/05/Luhikokkuvote-abivajaduse-hindamise-raportist.pdf","IDENTITY_FIELD_ABSENT_FROM_EXPORT","LOCAL_FILE_EXISTS","server docs: praxis_centar_taiskasvanud_erivajadusega_inimeste_abivajaduse_hindamine_ja_2"
"SOURCE_MASTER_IDENTITY_NOT_PROVEN_IN_EXPORT","not_proven","praxis_centar_sotsiaalne_innovatsioon_pikaajalises_hoolduses","Sotsiaalne innovatsioon pikaajalises hoolduses","pdf","https://www.praxis.ee/uploads/2015/10/Sotsiaalne-innovatsioon-pikaajalises-hoolduses.pdf","IDENTITY_FIELD_ABSENT_FROM_EXPORT","LOCAL_FILE_EXISTS","server docs: praxis_centar_sotsiaalne_innovatsioon_pikaajalises_hoolduses"
"SOURCE_MASTER_IDENTITY_NOT_PROVEN_IN_EXPORT","not_proven","praxis_centar_vanemaealiste_ja_eakate_toimetuleku_uuring_2015","Vanemaealiste ja eakate toimetuleku uuring 2015","pdf","https://www.praxis.ee/uploads/2016/03/VEU2015-l%C3%B5pparuanne_TNSEmorSAPraxis_07122015.pdf","IDENTITY_FIELD_ABSENT_FROM_EXPORT","LOCAL_FILE_EXISTS","server docs: praxis_centar_vanemaealiste_ja_eakate_toimetuleku_uuring_2015"
"SOURCE_MASTER_IDENTITY_NOT_PROVEN_IN_EXPORT","not_proven","praxis_centar_terviseseisundist_voi_puudest_tingitud_erivajadustega_noorte","Terviseseisundist või puudest tingitud erivajadustega noorte siirdumine koolist tööle","pdf","https://www.praxis.ee/uploads/2015/06/Erivajadustega-noorte-siirdumine-koolist-toole.pdf","IDENTITY_FIELD_ABSENT_FROM_EXPORT","LOCAL_FILE_EXISTS","server docs: praxis_centar_terviseseisundist_voi_puudest_tingitud_erivajadustega_noorte"
"SOURCE_MASTER_IDENTITY_NOT_PROVEN_IN_EXPORT","not_proven","praxis_centar_lapsendamise_ja_hooldusperre_paigutamise_jargne_hindamine_lo","Lapsendamise ja hooldusperre paigutamise järgne hindamine / lõpparuanne","pdf","https://www.praxis.ee/uploads/2020/12/Lo%CC%83pparuanne_20.11.20.pdf","IDENTITY_FIELD_ABSENT_FROM_EXPORT","LOCAL_FILE_EXISTS","server docs: praxis_centar_lapsendamise_ja_hooldusperre_paigutamise_jargne_hindamine_lo"
"SOURCE_MASTER_IDENTITY_NOT_PROVEN_IN_EXPORT","not_proven","praxis_centar_kohaliku_omavalitsuse_poolt_isikult_ja_voi_perekonnalt_sotsi","Kohaliku omavalitsuse poolt isikult ja/või perekonnalt sotsiaalteenuste eest tasu nõudmine","pdf","https://praxis.ee/uploads/2014/08/Kohaliku-omavalitsuse-poolt-isikult-jav%C3%B5i-perekonnalt-sotsiaalteenuste-eest-tasu-n%C3%B5udmine.pdf","IDENTITY_FIELD_ABSENT_FROM_EXPORT","LOCAL_FILE_EXISTS","server docs: praxis_centar_kohaliku_omavalitsuse_poolt_isikult_ja_voi_perekonnalt_sotsi"
"SOURCE_MASTER_IDENTITY_NOT_PROVEN_IN_EXPORT","not_proven","praxis_centar_ska_ja_kovid_loppraport","SKA ja KOVid – lõppraport","pdf","https://centar.ee/pdf/ee/2023_SKA%20ja%20KOVid_Loppraport_avaldamiseks.pdf","IDENTITY_FIELD_ABSENT_FROM_EXPORT","LOCAL_FILE_EXISTS","server docs: praxis_centar_ska_ja_kovid_loppraport"
"SOURCE_MASTER_IDENTITY_NOT_PROVEN_IN_EXPORT","not_proven","praxis_centar_puudega_lastega_perede_toimetuleku_ja_vajaduste_uuring","Puudega lastega perede toimetuleku ja vajaduste uuring","pdf","https://centar.ee/pdf/ee/2017_Puudega_lastega_perede_toimetuleku_ja_vajaduste_uuring.pdf","IDENTITY_FIELD_ABSENT_FROM_EXPORT","LOCAL_FILE_EXISTS","server docs: praxis_centar_puudega_lastega_perede_toimetuleku_ja_vajaduste_uuring"
"SOURCE_MASTER_IDENTITY_NOT_PROVEN_IN_EXPORT","not_proven","praxis_centar_toovoime_toetamise_susteemi_loomise_ja_juurutamise_makromaja","Töövõime toetamise süsteemi loomise ja juurutamise makromajandusliku mõju hindamine – metoodikaraport","pdf","https://centar.ee/pdf/ee/2022_Toovoime_toetamise_susteemi_loomise_ja_juurutamise_makromajandusliku_moju_hindamine_metoodikaraport.pdf","IDENTITY_FIELD_ABSENT_FROM_EXPORT","LOCAL_FILE_EXISTS","server docs: praxis_centar_toovoime_toetamise_susteemi_loomise_ja_juurutamise_makromaja"
"SOURCE_MASTER_IDENTITY_NOT_PROVEN_IN_EXPORT","not_proven","praxis_centar_raviresistentse_ja_suitsiidse_depressiooni_levimus_ning_maja","Raviresistentse ja suitsiidse depressiooni levimus ning majanduslik mõju","pdf","https://centar.ee/pdf/ee/2021_Raviresistentse_ja_suitsiidse_depressiooni_levimus_ja_majanduslik_moju.pdf","IDENTITY_FIELD_ABSENT_FROM_EXPORT","LOCAL_FILE_EXISTS","server docs: praxis_centar_raviresistentse_ja_suitsiidse_depressiooni_levimus_ning_maja"
"SOURCE_MASTER_IDENTITY_NOT_PROVEN_IN_EXPORT","not_proven","sotsiaalkindlustusamet_naiste_tugikeskuse_teenuse_kvaliteedijuhis","Naiste tugikeskuse teenuse kvaliteedijuhis","pdf","https://sotsiaalkindlustusamet.ee/sites/default/files/documents/2023-02/NTK%20teenuse%20kvaliteedijuhis.pdf","IDENTITY_FIELD_ABSENT_FROM_EXPORT","LOCAL_FILE_EXISTS","server docs: sotsiaalkindlustusamet_naiste_tugikeskuse_teenuse_kvaliteedijuhis"
"SOURCE_MASTER_IDENTITY_NOT_PROVEN_IN_EXPORT","not_proven","sotsiaalkindlustusamet_naiste_tugikeskuste_2021_aasta_kogemusuuringu_aruanne","Naiste tugikeskuste 2021. aasta kogemusuuringu aruanne","pdf","https://sotsiaalkindlustusamet.ee/sites/default/files/documents/2022-10/ntk_2021_kogemusuuringu_aruanne.pdf","IDENTITY_FIELD_ABSENT_FROM_EXPORT","LOCAL_FILE_EXISTS","server docs: sotsiaalkindlustusamet_naiste_tugikeskuste_2021_aasta_kogemusuuringu_aruanne"
"SOURCE_MASTER_IDENTITY_NOT_PROVEN_IN_EXPORT","not_proven","sotsiaalkindlustusamet_juhendmaterjal_kubervagivallast_ohvritega_tootavatele_spetsi","Juhendmaterjal kübervägivallast ohvritega töötavatele spetsialistidele","pdf","https://sotsiaalkindlustusamet.ee/sites/default/files/documents/2024-10/Juhendmaterjal%20k%C3%BCberv%C3%A4givallast%20ohvritega%20t%C3%B6%C3%B6tavatele%20spetsialistidele.pdf","IDENTITY_FIELD_ABSENT_FROM_EXPORT","LOCAL_FILE_EXISTS","server docs: sotsiaalkindlustusamet_juhendmaterjal_kubervagivallast_ohvritega_tootavatele_spetsi"
"SOURCE_MASTER_IDENTITY_NOT_PROVEN_IN_EXPORT","not_proven","sotsiaalkindlustusamet_riskihindamine_lahisuhtevagivalla_juhtumites_tervishoiutoota","Riskihindamine lähisuhtevägivalla juhtumites – tervishoiutöötajatele","pdf","https://www.sotsiaalkindlustusamet.ee/sites/default/files/documents/2024-06/Riskihindamine%20l%C3%A4hisuhtev%C3%A4givalla%20juhtumites.pdf","IDENTITY_FIELD_ABSENT_FROM_EXPORT","LOCAL_FILE_EXISTS","server docs: sotsiaalkindlustusamet_riskihindamine_lahisuhtevagivalla_juhtumites_tervishoiutoota"
"SOURCE_MASTER_IDENTITY_NOT_PROVEN_IN_EXPORT","not_proven","sotsiaalkindlustusamet_perevagivalla_toimepanijatele_suunatud_programmide_euroopa_s","Perevägivalla toimepanijatele suunatud programmide Euroopa standardid","pdf","https://sotsiaalkindlustusamet.ee/sites/default/files/documents/2025-12/Perevagivalla%20toimepanijatele%20suunatud%20programmide%20Euroopa%20standardid.pdf","IDENTITY_FIELD_ABSENT_FROM_EXPORT","LOCAL_FILE_EXISTS","server docs: sotsiaalkindlustusamet_perevagivalla_toimepanijatele_suunatud_programmide_euroopa_s"
"SOURCE_MASTER_IDENTITY_NOT_PROVEN_IN_EXPORT","not_proven","sotsiaalkindlustusamet_marac_i_juhendmaterjal","MARAC-i juhendmaterjal","pdf","https://sotsiaalkindlustusamet.ee/sites/default/files/documents/2023-02/MARAC-i%20juhendmaterjal.pdf","IDENTITY_FIELD_ABSENT_FROM_EXPORT","LOCAL_FILE_EXISTS","server docs: sotsiaalkindlustusamet_marac_i_juhendmaterjal"
"SOURCE_MASTER_IDENTITY_NOT_PROVEN_IN_EXPORT","not_proven","sotsiaalkindlustusamet_marac_i_teavitusleht","MARAC-i teavitusleht","pdf","https://sotsiaalkindlustusamet.ee/sites/default/files/documents/2023-03/MARAC%20teavitusleht_30.03.2023.pdf","IDENTITY_FIELD_ABSENT_FROM_EXPORT","LOCAL_FILE_EXISTS","server docs: sotsiaalkindlustusamet_marac_i_teavitusleht"
"SOURCE_MASTER_IDENTITY_NOT_PROVEN_IN_EXPORT","not_proven","sotsiaalkindlustusamet_marac_i_vorgustiku_mudeli_moju_hindamine_loppraport","MARAC-i võrgustiku mudeli mõju hindamine. Lõppraport","pdf","https://sotsiaalkindlustusamet.ee/sites/default/files/documents/2024-01/MARACi%20v%C3%B5rgustiku%20mudeli%20m%C3%B5ju%20hindamine_l%C3%B5ppraport.pdf","IDENTITY_FIELD_ABSENT_FROM_EXPORT","LOCAL_FILE_EXISTS","server docs: sotsiaalkindlustusamet_marac_i_vorgustiku_mudeli_moju_hindamine_loppraport"
"SOURCE_MASTER_IDENTITY_NOT_PROVEN_IN_EXPORT","not_proven","sotsiaalkindlustusamet_evaluation_of_the_impact_of_the_marac_networking_model","Evaluation of the impact of the MARAC networking model","pdf","https://sotsiaalkindlustusamet.ee/sites/default/files/documents/2024-09/Evaluation%20of%20the%20impact%20of%20the%20MARAC%20networking%20model.pdf","IDENTITY_FIELD_ABSENT_FROM_EXPORT","LOCAL_FILE_EXISTS","server docs: sotsiaalkindlustusamet_evaluation_of_the_impact_of_the_marac_networking_model"
"SOURCE_MASTER_IDENTITY_NOT_PROVEN_IN_EXPORT","not_proven","sotsiaalkindlustusamet_marac_i_mudeli_juhend_kov_lastekaitsele","MARAC-i mudeli juhend KOV lastekaitsele","pdf","https://sotsiaalkindlustusamet.ee/sites/default/files/documents/2024-01/MARAC%20mudeli%20juhend%20KOV%20lastekaitsele.pdf","IDENTITY_FIELD_ABSENT_FROM_EXPORT","LOCAL_FILE_EXISTS","server docs: sotsiaalkindlustusamet_marac_i_mudeli_juhend_kov_lastekaitsele"
"SOURCE_MASTER_IDENTITY_NOT_PROVEN_IN_EXPORT","not_proven","sotsiaalkindlustusamet_seksuaalvagivalla_kriisiabikeskusi_tutvustav_voldik_est","Seksuaalvägivalla kriisiabikeskusi tutvustav voldik (EST)","pdf","https://sotsiaalkindlustusamet.ee/sites/default/files/documents/2026-01/Ohvriabi%20infovoldik%20SAK%20EST%2Bbleed3mm.pdf","IDENTITY_FIELD_ABSENT_FROM_EXPORT","LOCAL_FILE_EXISTS","server docs: sotsiaalkindlustusamet_seksuaalvagivalla_kriisiabikeskusi_tutvustav_voldik_est"
"SOURCE_MASTER_IDENTITY_NOT_PROVEN_IN_EXPORT","not_proven","sotsiaalkindlustusamet_sexual_assault_crisis_centre_eng","Sexual Assault Crisis Centre (ENG)","pdf","https://sotsiaalkindlustusamet.ee/sites/default/files/documents/2026-01/Ohvriabi_infovoldik_SAK_ENG%2Bbleed3mm.pdf","IDENTITY_FIELD_ABSENT_FROM_EXPORT","LOCAL_FILE_EXISTS","server docs: sotsiaalkindlustusamet_sexual_assault_crisis_centre_eng"
"SOURCE_MASTER_IDENTITY_NOT_PROVEN_IN_EXPORT","not_proven","sotsiaalkindlustusamet_rus","Кризисные центры помощи жертвам сексуального насилия (RUS)","pdf","https://sotsiaalkindlustusamet.ee/sites/default/files/documents/2026-01/Ohvriabi%20infovoldik%20SAK%20RUS%2Bbleed3mm.pdf","IDENTITY_FIELD_ABSENT_FROM_EXPORT","LOCAL_FILE_EXISTS","server docs: sotsiaalkindlustusamet_rus"
"SOURCE_MASTER_IDENTITY_NOT_PROVEN_IN_EXPORT","not_proven","sotsiaalkindlustusamet_ua","Кризові центри допомоги жертвам сексуального насильства (UA)","pdf","https://sotsiaalkindlustusamet.ee/sites/default/files/documents/2026-01/Ohvriabi%20infovoldik%20SAK%20UA%2Bbleed3mm.pdf","IDENTITY_FIELD_ABSENT_FROM_EXPORT","LOCAL_FILE_EXISTS","server docs: sotsiaalkindlustusamet_ua"
"SOURCE_MASTER_IDENTITY_NOT_PROVEN_IN_EXPORT","not_proven","sotsiaalkindlustusamet_seksuaalivakivallan_kriisikeskukset_fin","Seksuaaliväkivallan kriisikeskukset (FIN)","pdf","https://sotsiaalkindlustusamet.ee/sites/default/files/documents/2026-01/Ohvriabi_infovoldik_SAK_FIN%2Bbleed3mm_0.pdf","IDENTITY_FIELD_ABSENT_FROM_EXPORT","LOCAL_FILE_EXISTS","server docs: sotsiaalkindlustusamet_seksuaalivakivallan_kriisikeskukset_fin"
"SOURCE_MASTER_IDENTITY_NOT_PROVEN_IN_EXPORT","not_proven","sotsiaalkindlustusamet_seksuaalsest_ahistamisest_vaba_ooelu_juhend","Seksuaalsest ahistamisest vaba ööelu juhend","pdf","https://sotsiaalkindlustusamet.ee/sites/default/files/documents/2026-01/Seksuaalsest%20ahistamisest%20vaba%20o%CC%88o%CC%88elu%20juhend%20A4_veeb%20linkidega.pdf","IDENTITY_FIELD_ABSENT_FROM_EXPORT","LOCAL_FILE_EXISTS","server docs: sotsiaalkindlustusamet_seksuaalsest_ahistamisest_vaba_ooelu_juhend"
"SOURCE_MASTER_IDENTITY_NOT_PROVEN_IN_EXPORT","not_proven","sotsiaalkindlustusamet_eesti_elanikkonna_teadlikkuse_uuring_soopohise_vagivalla_ja_","Eesti elanikkonna teadlikkuse uuring soopõhise vägivalla ja inimkaubanduse valdkonnas","pdf","https://sotsiaalkindlustusamet.ee/sites/default/files/documents/2024-04/Eesti%20elanikkonna%20teadlikkuse%20uuring%20soop%C3%B5hise%20v%C3%A4givalla%20ja%20inimkaubanduse%20valdkonnas.pdf","IDENTITY_FIELD_ABSENT_FROM_EXPORT","LOCAL_FILE_EXISTS","server docs: sotsiaalkindlustusamet_eesti_elanikkonna_teadlikkuse_uuring_soopohise_vagivalla_ja_"
"SOURCE_MASTER_IDENTITY_NOT_PROVEN_IN_EXPORT","not_proven","sotsiaalkindlustusamet_elanikkonna_hoiakud_ja_teadlikkus_perevagivallast","Elanikkonna hoiakud ja teadlikkus perevägivallast","pdf","https://sotsiaalkindlustusamet.ee/sites/default/files/documents/2024-04/Elanikkonna%20hoiakud%20ja%20teadlikkus%20perev%C3%A4givallast.pdf","IDENTITY_FIELD_ABSENT_FROM_EXPORT","LOCAL_FILE_EXISTS","server docs: sotsiaalkindlustusamet_elanikkonna_hoiakud_ja_teadlikkus_perevagivallast"
"SOURCE_MASTER_IDENTITY_NOT_PROVEN_IN_EXPORT","not_proven","sotsiaalkindlustusamet_teadlikkus_tugiteenuste_olemasolust_pere_ja_seksuaalvagivall","Teadlikkus tugiteenuste olemasolust pere- ja seksuaalvägivalla ning inimkaubanduse ohvritele","pdf","https://sotsiaalkindlustusamet.ee/sites/default/files/documents/2024-04/Teadlikkus%20tugiteenuste%20olemasolust%20pere-%20ja%20seksuaalv%C3%A4givalla%20ning%20inimkaubanduse%20ohvritele.pdf","IDENTITY_FIELD_ABSENT_FROM_EXPORT","LOCAL_FILE_EXISTS","server docs: sotsiaalkindlustusamet_teadlikkus_tugiteenuste_olemasolust_pere_ja_seksuaalvagivall"
"SOURCE_MASTER_IDENTITY_NOT_PROVEN_IN_EXPORT","not_proven","sotsiaalkindlustusamet_hoolekandeteenuste_kvaliteedi_juhendmaterjal","Hoolekandeteenuste kvaliteedi juhendmaterjal","pdf","https://www.sotsiaalkindlustusamet.ee/sites/default/files/documents/2024-02/hoolekandeteenuste_kvaliteedi_juhendmaterjal.pdf","IDENTITY_FIELD_ABSENT_FROM_EXPORT","LOCAL_FILE_EXISTS","server docs: sotsiaalkindlustusamet_hoolekandeteenuste_kvaliteedi_juhendmaterjal"
"SOURCE_MASTER_IDENTITY_NOT_PROVEN_IN_EXPORT","not_proven","sotsiaalkindlustusamet_abivahendite_teatmik_2025","Abivahendite teatmik 2025","pdf","https://sotsiaalkindlustusamet.ee/sites/default/files/documents/2025-02/Abivahendite%20teatmik%202025-1.pdf","IDENTITY_FIELD_ABSENT_FROM_EXPORT","LOCAL_FILE_EXISTS","server docs: sotsiaalkindlustusamet_abivahendite_teatmik_2025"
"SOURCE_MASTER_IDENTITY_NOT_PROVEN_IN_EXPORT","not_proven","sotsiaalkindlustusamet_puue_ja_hoolekanne_ska_aastaraamatu_pdf_osa_2025","Puue ja hoolekanne — SKA aastaraamatu PDF-osa 2025","pdf","https://www.sotsiaalkindlustusamet.ee/node/12902/handbook/9/pdf","IDENTITY_FIELD_ABSENT_FROM_EXPORT","LOCAL_FILE_EXISTS","server docs: sotsiaalkindlustusamet_puue_ja_hoolekanne_ska_aastaraamatu_pdf_osa_2025"
"SOURCE_MASTER_IDENTITY_NOT_PROVEN_IN_EXPORT","not_proven","sotsiaalkindlustusamet_rehabilitatsiooni_teenuseosutajate_infopaeva_materjal","Rehabilitatsiooni teenuseosutajate infopäeva materjal","pdf","https://sotsiaalkindlustusamet.ee/sites/default/files/documents/2024-02/rehabilitatsiooni_teenuseosutajate_infopaev_16.10.2020.pdf","IDENTITY_FIELD_ABSENT_FROM_EXPORT","LOCAL_FILE_EXISTS","server docs: sotsiaalkindlustusamet_rehabilitatsiooni_teenuseosutajate_infopaeva_materjal"
"SOURCE_MASTER_IDENTITY_NOT_PROVEN_IN_EXPORT","not_proven","sotsiaalkindlustusamet_lapse_heaolu_hindamise_kasiraamat","Lapse heaolu hindamise käsiraamat","pdf","https://www.sotsiaalkindlustusamet.ee/sites/default/files/documents/2025-11/k%C3%A4siraamat.pdf","IDENTITY_FIELD_ABSENT_FROM_EXPORT","LOCAL_FILE_EXISTS","server docs: sotsiaalkindlustusamet_lapse_heaolu_hindamise_kasiraamat"
"SOURCE_MASTER_IDENTITY_NOT_PROVEN_IN_EXPORT","not_proven","sotsiaalministeerium_puude_toetus_ja_lisa_toetus_2025_aastal","Puude-toetus ja lisa-toetus 2025. aastal","pdf","https://www.sm.ee/sites/default/files/documents/2024-12/puudetoetus%20ja%20lisatoetus%202025_KM.pdf","IDENTITY_FIELD_ABSENT_FROM_EXPORT","LOCAL_FILE_EXISTS","server docs: sotsiaalministeerium_puude_toetus_ja_lisa_toetus_2025_aastal"
"SOURCE_MASTER_IDENTITY_NOT_PROVEN_IN_EXPORT","not_proven","sotsiaalministeerium_ligipaasetavuse_kulu_tulu_analuus_lopparuanne","Ligipääsetavuse kulu-tulu analüüs. Lõpparuanne","pdf","https://www.sm.ee/sites/default/files/documents/2022-10/Ligip%C3%A4%C3%A4setavuse%20kulu-tulu%20anal%C3%BC%C3%BCs.%20L%C3%B5pparuanne_0.pdf","IDENTITY_FIELD_ABSENT_FROM_EXPORT","LOCAL_FILE_EXISTS","server docs: sotsiaalministeerium_ligipaasetavuse_kulu_tulu_analuus_lopparuanne"
"SOURCE_MASTER_IDENTITY_NOT_PROVEN_IN_EXPORT","not_proven","sotsiaalministeerium_transpordi_ja_tehiskeskkonna_ligipaasetavuse_analuus","Transpordi ja tehiskeskkonna ligipääsetavuse analüüs","pdf","https://www.sm.ee/sites/default/files/documents/2022-06/Transpordi%20ja%20tehiskeskkonna%20ligip%C3%A4%C3%A4setavuse%20anal%C3%BC%C3%BCs.pdf","IDENTITY_FIELD_ABSENT_FROM_EXPORT","LOCAL_FILE_EXISTS","server docs: sotsiaalministeerium_transpordi_ja_tehiskeskkonna_ligipaasetavuse_analuus"
"SOURCE_MASTER_IDENTITY_NOT_PROVEN_IN_EXPORT","not_proven","sotsiaalministeerium_sotsiaalhoolekande_programm_2024_2027","Sotsiaalhoolekande programm 2024–2027","pdf","https://www.sm.ee/sites/default/files/documents/2025-01/Sotsiaalhoolekande%20programm%202024-2027%20%281%29.pdf","IDENTITY_FIELD_ABSENT_FROM_EXPORT","LOCAL_FILE_EXISTS","server docs: sotsiaalministeerium_sotsiaalhoolekande_programm_2024_2027"
"SOURCE_MASTER_IDENTITY_NOT_PROVEN_IN_EXPORT","not_proven","sotsiaalministeerium_uuring_taisealiste_puudega_inimeste_puude_tuvastamise_abivaj","Uuring täisealiste puudega inimeste puude tuvastamise, abivajaduse hindamise ja toetamise süsteemist","pdf","https://www.sm.ee/sites/default/files/documents/2026-03/Puuetega%20inimeste%20uuringu%20l%C3%B5ppraport.pdf","IDENTITY_FIELD_ABSENT_FROM_EXPORT","LOCAL_FILE_EXISTS","server docs: sotsiaalministeerium_uuring_taisealiste_puudega_inimeste_puude_tuvastamise_abivaj"
"SOURCE_MASTER_IDENTITY_NOT_PROVEN_IN_EXPORT","not_proven","sotsiaalministeerium_soolise_vordoiguslikkuse_monitooring_2021_lahisuhtevagivald","Soolise võrdõiguslikkuse monitooring 2021: Lähisuhtevägivald","pdf","https://www.sm.ee/sites/default/files/documents/2022-12/SVM21.%20L%C3%A4hisuhtev%C3%A4givald.pdf","IDENTITY_FIELD_ABSENT_FROM_EXPORT","LOCAL_FILE_EXISTS","server docs: sotsiaalministeerium_soolise_vordoiguslikkuse_monitooring_2021_lahisuhtevagivald"
"SOURCE_MASTER_IDENTITY_NOT_PROVEN_IN_EXPORT","not_proven","sotsiaalministeerium_inimkaubanduse_ennetamine_metodoloogia_tooks_noortega","Inimkaubanduse ennetamine: metodoloogia tööks noortega","pdf","https://sm.ee/sites/default/files/content-editors/eesmargid_ja_tegevused/Sooline_vordoiguslikkus/Inimkaubandus_ja_prostitusioon/inimkaubanduse_ennetamine_metodoloogia_tooks_noortega.pdf","IDENTITY_FIELD_ABSENT_FROM_EXPORT","LOCAL_FILE_EXISTS","server docs: sotsiaalministeerium_inimkaubanduse_ennetamine_metodoloogia_tooks_noortega"
"SOURCE_MASTER_IDENTITY_NOT_PROVEN_IN_EXPORT","not_proven","sotsiaalministeerium_inimkaubanduse_teemal_koolitamine_praktilised_soovitused","Inimkaubanduse teemal koolitamine: praktilised soovitused","pdf","https://www.sm.ee/sites/default/files/content-editors/eesmargid_ja_tegevused/Sooline_vordoiguslikkus/Inimkaubandus_ja_prostitusioon/inimkaubanduse_teemal_koolitamine.pdf","IDENTITY_FIELD_ABSENT_FROM_EXPORT","LOCAL_FILE_EXISTS","server docs: sotsiaalministeerium_inimkaubanduse_teemal_koolitamine_praktilised_soovitused"
"SOURCE_MASTER_IDENTITY_NOT_PROVEN_IN_EXPORT","not_proven","sotsiaalministeerium_puuetega_inimeste_tootamist_toetavad_meetmed","Puuetega inimeste töötamist toetavad meetmed","pdf","https://www.sm.ee/sites/default/files/content-editors/Ministeerium_kontaktid/Uuringu_ja_analuusid/Sotsiaalvaldkond/pittm_1ja2etapp_kokku_2_.pdf","IDENTITY_FIELD_ABSENT_FROM_EXPORT","LOCAL_FILE_EXISTS","server docs: sotsiaalministeerium_puuetega_inimeste_tootamist_toetavad_meetmed"
"SOURCE_MASTER_IDENTITY_NOT_PROVEN_IN_EXPORT","not_proven","sotsiaalministeerium_puuetega_inimeste_ja_nende_pereliikmete_hoolduskoormuse_uuri","Puuetega inimeste ja nende pereliikmete hoolduskoormuse uuring 2009","pdf","https://www.sm.ee/sites/default/files/content-editors/Ministeerium_kontaktid/Uuringu_ja_analuusid/Sotsiaalvaldkond/piu2009_loppraport.pdf","IDENTITY_FIELD_ABSENT_FROM_EXPORT","LOCAL_FILE_EXISTS","server docs: sotsiaalministeerium_puuetega_inimeste_ja_nende_pereliikmete_hoolduskoormuse_uuri"
"SOURCE_MASTER_IDENTITY_NOT_PROVEN_IN_EXPORT","not_proven","sotsiaalministeerium_vagivald_ja_naiste_tervis","Vägivald ja naiste tervis","pdf","https://www.sm.ee/sites/default/files/content-editors/Ministeerium_kontaktid/Uuringu_ja_analuusid/Sotsiaalvaldkond/vagivald_ja_naiste_tervis_1_.pdf","IDENTITY_FIELD_ABSENT_FROM_EXPORT","LOCAL_FILE_EXISTS","server docs: sotsiaalministeerium_vagivald_ja_naiste_tervis"
"SOURCE_MASTER_IDENTITY_NOT_PROVEN_IN_EXPORT","not_proven","sotsiaalministeerium_vagivalla_moju_naiste_tervisele","Vägivalla mõju naiste tervisele","pdf","https://www.sm.ee/sites/default/files/content-editors/Ministeerium_kontaktid/Uuringu_ja_analuusid/Sotsiaalvaldkond/meedikute_kysitlus_1_.pdf","IDENTITY_FIELD_ABSENT_FROM_EXPORT","LOCAL_FILE_EXISTS","server docs: sotsiaalministeerium_vagivalla_moju_naiste_tervisele"
"SOURCE_MASTER_IDENTITY_NOT_PROVEN_IN_EXPORT","not_proven","sotsiaalministeerium_vagivald_lahisuhtes_selle_pohjused_ja_voimalikud_lahendused","Vägivald lähisuhtes: selle põhjused ja võimalikud lahendused","pdf","https://www.sm.ee/sites/default/files/content-editors/Ministeerium_kontaktid/Uuringu_ja_analuusid/Sotsiaalvaldkond/allaste_vagivald_lahisuhtes_biin_retsensioon_1_.pdf","IDENTITY_FIELD_ABSENT_FROM_EXPORT","LOCAL_FILE_EXISTS","server docs: sotsiaalministeerium_vagivald_lahisuhtes_selle_pohjused_ja_voimalikud_lahendused"
"SOURCE_MASTER_IDENTITY_NOT_PROVEN_IN_EXPORT","not_proven","sotsiaalministeerium_seksuaalvagivalla_levimus_ja_hoiakud_eestis","Seksuaalvägivalla levimus ja hoiakud Eestis","pdf","https://www.sm.ee/sites/default/files/content-editors/eesmargid_ja_tegevused/Norra_toetused/Koduse_ja_soopohise_vagivalla_vahendamise_programm/sv_levimus_ja_hoiakud_eestis.pdf","IDENTITY_FIELD_ABSENT_FROM_EXPORT","LOCAL_FILE_EXISTS","server docs: sotsiaalministeerium_seksuaalvagivalla_levimus_ja_hoiakud_eestis"
"SOURCE_MASTER_IDENTITY_NOT_PROVEN_IN_EXPORT","not_proven","epikoda_uro_puuetega_inimeste_oiguste_konventsioon_ja_fakultatiivpro","ÜRO puuetega inimeste õiguste konventsioon ja fakultatiivprotokoll","pdf","https://epikoda.ee/wp-content/uploads/2025/09/raamat_veeb.pdf","IDENTITY_FIELD_ABSENT_FROM_EXPORT","LOCAL_FILE_EXISTS","server docs: epikoda_uro_puuetega_inimeste_oiguste_konventsioon_ja_fakultatiivpro"
"SOURCE_MASTER_IDENTITY_NOT_PROVEN_IN_EXPORT","not_proven","epikoda_teekond_erilise_lapse_korval","Teekond erilise lapse kõrval","pdf","https://epikoda.ee/wp-content/uploads/2025/09/epik_kasiraamat_2019-est-koos-low.pdf","IDENTITY_FIELD_ABSENT_FROM_EXPORT","LOCAL_FILE_EXISTS","server docs: epikoda_teekond_erilise_lapse_korval"
"SOURCE_MASTER_IDENTITY_NOT_PROVEN_IN_EXPORT","not_proven","epikoda_epikoja_arengukava_2025_2030","EPIKoja arengukava 2025–2030","pdf","https://epikoda.ee/wp-content/uploads/2025/09/EPIKoja-arengukava-2025-2030.pdf","IDENTITY_FIELD_ABSENT_FROM_EXPORT","LOCAL_FILE_EXISTS","server docs: epikoda_epikoja_arengukava_2025_2030"
"SOURCE_MASTER_IDENTITY_NOT_PROVEN_IN_EXPORT","not_proven","epikoda_giidi_too_kasiraamat_pohimotted_ja_soovitused","Giidi töö käsiraamat – põhimõtted ja soovitused","pdf","https://epikoda.ee/wp-content/uploads/2026/04/Giidi-too-kasiraamat-%E2%80%93pohimotted-ja-soovitused-2025.pdf","IDENTITY_FIELD_ABSENT_FROM_EXPORT","LOCAL_FILE_EXISTS","server docs: epikoda_giidi_too_kasiraamat_pohimotted_ja_soovitused"
"SOURCE_MASTER_IDENTITY_NOT_PROVEN_IN_EXPORT","not_proven","epikoda_heade_praktikate_kogumik","Heade praktikate kogumik","pdf","https://epikoda.ee/wp-content/uploads/2025/09/Heade_praktikate_kogumikEPIK2012.pdf","IDENTITY_FIELD_ABSENT_FROM_EXPORT","LOCAL_FILE_EXISTS","server docs: epikoda_heade_praktikate_kogumik"
"SOURCE_MASTER_IDENTITY_NOT_PROVEN_IN_EXPORT","not_proven","epikoda_puudega_inimeste_toimetulek_kriisiajal_miniuuringu_kokkuvote","Puudega inimeste toimetulek kriisiajal – miniuuringu kokkuvõte","pdf","https://epikoda.ee/wp-content/uploads/2025/09/epikoja-miniuuringu-kokkuvote-september-2020.pdf","IDENTITY_FIELD_ABSENT_FROM_EXPORT","LOCAL_FILE_EXISTS","server docs: epikoda_puudega_inimeste_toimetulek_kriisiajal_miniuuringu_kokkuvote"
"SOURCE_MASTER_IDENTITY_NOT_PROVEN_IN_EXPORT","not_proven","astangu_erivajaduste_alase_teadlikkuse_tostmine","Erivajaduste alase teadlikkuse tõstmine","pdf","https://www.astangu.ee/sites/default/files/media/To%CC%88o%CC%88vahend_2_moodul_1_Erivajaduste_alase_teadlikkuse_to%CC%83stmine.pdf","IDENTITY_FIELD_ABSENT_FROM_EXPORT","LOCAL_FILE_EXISTS","server docs: astangu_erivajaduste_alase_teadlikkuse_tostmine"
"SOURCE_MASTER_IDENTITY_NOT_PROVEN_IN_EXPORT","not_proven","astangu_metoodiline_abimaterjal_kutsealase_ettevalmistuse_valjaoppe_","Metoodiline abimaterjal kutsealase ettevalmistuse, väljaõppe ja töölerakendumise toetamiseks coaching’u kaudu","pdf","https://www.astangu.ee/sites/default/files/media/To%CC%88o%CC%88vahend_3___Va%CC%88ljao%CC%83pe_ja_to%CC%88o%CC%88lerakendumine_la%CC%88bi_coachingu.pdf","IDENTITY_FIELD_ABSENT_FROM_EXPORT","LOCAL_FILE_EXISTS","server docs: astangu_metoodiline_abimaterjal_kutsealase_ettevalmistuse_valjaoppe_"
"SOURCE_MASTER_IDENTITY_NOT_PROVEN_IN_EXPORT","not_proven","astangu_tooandjate_noustamine_ja_toetamine","Tööandjate nõustamine ja toetamine","pdf","https://www.astangu.ee/sites/default/files/media/To%CC%88o%CC%88vahend_6_Moodul_2_To%CC%88o%CC%88andjate_no%CC%83ustamine_ja_toetamine.pdf","IDENTITY_FIELD_ABSENT_FROM_EXPORT","LOCAL_FILE_EXISTS","server docs: astangu_tooandjate_noustamine_ja_toetamine"
"SOURCE_MASTER_IDENTITY_NOT_PROVEN_IN_EXPORT","not_proven","astangu_kriisi_ennetamine","Kriisi ennetamine","pdf","https://www.astangu.ee/sites/default/files/media/To%CC%88o%CC%88vahend_5_Moodul-1-Kriisi_ennetamine.pdf","IDENTITY_FIELD_ABSENT_FROM_EXPORT","LOCAL_FILE_EXISTS","server docs: astangu_kriisi_ennetamine"
"SOURCE_MASTER_IDENTITY_NOT_PROVEN_IN_EXPORT","not_proven","astangu_supervisioon","Supervisioon","pdf","https://www.astangu.ee/sites/default/files/media/To%CC%88o%CC%88vahend_4_moodul_1_Supervisioon.pdf","IDENTITY_FIELD_ABSENT_FROM_EXPORT","LOCAL_FILE_EXISTS","server docs: astangu_supervisioon"
"SOURCE_MASTER_IDENTITY_NOT_PROVEN_IN_EXPORT","not_proven","astangu_hindamisvahendi_kasiraamat","Hindamisvahendi käsiraamat","pdf","https://www.astangu.ee/sites/default/files/media/Hindamisvahendi%20k%C3%A4siraamat.pdf","IDENTITY_FIELD_ABSENT_FROM_EXPORT","LOCAL_FILE_EXISTS","server docs: astangu_hindamisvahendi_kasiraamat"
"SOURCE_MASTER_IDENTITY_NOT_PROVEN_IN_EXPORT","not_proven","lastekaitse_liit_lapse_osalusoiguse_rakendamise_juhend","Lapse osalusõiguse rakendamise juhend","pdf","https://www.lastekaitseliit.ee/wp-content/uploads/2025/05/Lapse_osalusoiguse_rakendamise_juhend_2025.pdf","IDENTITY_FIELD_ABSENT_FROM_EXPORT","LOCAL_FILE_EXISTS","server docs: lastekaitse_liit_lapse_osalusoiguse_rakendamise_juhend"
"SOURCE_MASTER_IDENTITY_NOT_PROVEN_IN_EXPORT","not_proven","lastekaitse_liit_lapse_osalemise_pohimotted","Lapse osalemise põhimõtted","pdf","https://www.lastekaitseliit.ee/wp-content/uploads/2025/05/Lapse-osalemise-pohimotted-A1_5mm-bleed.pdf","IDENTITY_FIELD_ABSENT_FROM_EXPORT","LOCAL_FILE_EXISTS","server docs: lastekaitse_liit_lapse_osalemise_pohimotted"
"SOURCE_MASTER_IDENTITY_NOT_PROVEN_IN_EXPORT","not_proven","lastekaitse_liit_mul_on_oigus_2025","Mul on õigus 2025","pdf","https://www.lastekaitseliit.ee/wp-content/uploads/2025/01/Mul-on-oigus-2025.pdf","IDENTITY_FIELD_ABSENT_FROM_EXPORT","LOCAL_FILE_EXISTS","server docs: lastekaitse_liit_mul_on_oigus_2025"
"SOURCE_MASTER_IDENTITY_NOT_PROVEN_IN_EXPORT","not_proven","lastekaitse_liit_mina_olen_enda_oma_juhendmaterjal_opetajale_ja_lapsevanemale","“Mina olen enda oma” juhendmaterjal õpetajale ja lapsevanemale","pdf","https://www.lastekaitseliit.ee/raamat/mina-olen-enda-oma/assets/download/juhendmaterial.pdf","IDENTITY_FIELD_ABSENT_FROM_EXPORT","LOCAL_FILE_EXISTS","server docs: lastekaitse_liit_mina_olen_enda_oma_juhendmaterjal_opetajale_ja_lapsevanemale"
"SOURCE_MASTER_IDENTITY_NOT_PROVEN_IN_EXPORT","not_proven","lastekaitse_liit_uuring_lapse_heaolu_hindamine","Uuring “Lapse heaolu hindamine”","pdf","https://www.lastekaitseliit.ee/wp-content/uploads/2011/04/Uuring-Lapse-heaolu-hindamine.pdf","IDENTITY_FIELD_ABSENT_FROM_EXPORT","LOCAL_FILE_EXISTS","server docs: lastekaitse_liit_uuring_lapse_heaolu_hindamine"
"SOURCE_MASTER_IDENTITY_NOT_PROVEN_IN_EXPORT","not_proven","peaasi_raagime_lastest_logiraamat_vanematele_lapseootel_pere","Räägime Lastest logiraamat vanematele: lapseootel pere","pdf","https://peaasi.ee/wp-content/uploads/2026/02/1.-Logiraamat-vanematele_lapseootel-pere-TAIDETAV.pdf","IDENTITY_FIELD_ABSENT_FROM_EXPORT","LOCAL_FILE_EXISTS","server docs: peaasi_raagime_lastest_logiraamat_vanematele_lapseootel_pere"
"SOURCE_MASTER_IDENTITY_NOT_PROVEN_IN_EXPORT","not_proven","peaasi_raagime_lastest_logiraamat_vanematele_0_1_aastane_laps","Räägime Lastest logiraamat vanematele: 0–1-aastane laps","pdf","https://peaasi.ee/wp-content/uploads/2026/02/2.-Logiraamat-vanematele_0-1-aastane-laps-TAIDETAV.pdf","IDENTITY_FIELD_ABSENT_FROM_EXPORT","LOCAL_FILE_EXISTS","server docs: peaasi_raagime_lastest_logiraamat_vanematele_0_1_aastane_laps"
"SOURCE_MASTER_IDENTITY_NOT_PROVEN_IN_EXPORT","not_proven","peaasi_raagime_lastest_logiraamat_vanematele_1_5_aastane_laps","Räägime Lastest logiraamat vanematele: 1–5-aastane laps","pdf","https://peaasi.ee/wp-content/uploads/2026/02/3.-Logiraamat-vanematele_1-5-aastane-laps-TAIDETAV.pdf","IDENTITY_FIELD_ABSENT_FROM_EXPORT","LOCAL_FILE_EXISTS","server docs: peaasi_raagime_lastest_logiraamat_vanematele_1_5_aastane_laps"
"SOURCE_MASTER_IDENTITY_NOT_PROVEN_IN_EXPORT","not_proven","peaasi_raagime_lastest_logiraamat_vanematele_5_12_aastane_laps","Räägime Lastest logiraamat vanematele: 5–12-aastane laps","pdf","https://peaasi.ee/wp-content/uploads/2026/02/4.-Logiraamat-vanematele_5-12-aastane-laps-TAIDETAV.pdf","IDENTITY_FIELD_ABSENT_FROM_EXPORT","LOCAL_FILE_EXISTS","server docs: peaasi_raagime_lastest_logiraamat_vanematele_5_12_aastane_laps"
"SOURCE_MASTER_IDENTITY_NOT_PROVEN_IN_EXPORT","not_proven","peaasi_raagime_lastest_logiraamat_vanematele_12_18_aastane_noor","Räägime Lastest logiraamat vanematele: 12–18-aastane noor","pdf","https://peaasi.ee/wp-content/uploads/2026/02/5.-Logiraamat-vanematele_12-18-aastane-laps-TAIDETAV.pdf","IDENTITY_FIELD_ABSENT_FROM_EXPORT","LOCAL_FILE_EXISTS","server docs: peaasi_raagime_lastest_logiraamat_vanematele_12_18_aastane_noor"
"SOURCE_MASTER_IDENTITY_NOT_PROVEN_IN_EXPORT","not_proven","peaasi_raagime_lastest_logiraamat_tooks_peredega_0_1_aastane_laps","Räägime Lastest logiraamat tööks peredega: 0–1-aastane laps","pdf","https://peaasi.ee/wp-content/uploads/2026/02/7.-Logiraamat-spetsialistile_0-1-aastane-laps-TAIDETAV.pdf","IDENTITY_FIELD_ABSENT_FROM_EXPORT","LOCAL_FILE_EXISTS","server docs: peaasi_raagime_lastest_logiraamat_tooks_peredega_0_1_aastane_laps"
"SOURCE_MASTER_IDENTITY_NOT_PROVEN_IN_EXPORT","not_proven","peaasi_raagime_lastest_logiraamat_tooks_peredega_1_5_aastane_laps","Räägime Lastest logiraamat tööks peredega: 1–5-aastane laps","pdf","https://peaasi.ee/wp-content/uploads/2025/10/8.-Logiraamat-spetsialistile_1%E2%80%935-aastane-laps.pdf","IDENTITY_FIELD_ABSENT_FROM_EXPORT","LOCAL_FILE_EXISTS","server docs: peaasi_raagime_lastest_logiraamat_tooks_peredega_1_5_aastane_laps"
"SOURCE_MASTER_IDENTITY_NOT_PROVEN_IN_EXPORT","not_proven","peaasi_raagime_lastest_logiraamat_tooks_peredega_5_12_aastane_laps","Räägime Lastest logiraamat tööks peredega: 5–12-aastane laps","pdf","https://peaasi.ee/wp-content/uploads/2026/02/9.-Logiraamat-spetsialistile_5%E2%80%9312-aastane-laps-TAIDETAV.pdf","IDENTITY_FIELD_ABSENT_FROM_EXPORT","LOCAL_FILE_EXISTS","server docs: peaasi_raagime_lastest_logiraamat_tooks_peredega_5_12_aastane_laps"
"SOURCE_MASTER_IDENTITY_NOT_PROVEN_IN_EXPORT","not_proven","peaasi_raagime_lastest_praktikutele_1_5_aastaste_lastega_perede_nou","Räägime Lastest praktikutele: 1–5-aastaste lastega perede nõustamiseks","pdf","https://peaasi.ee/wp-content/uploads/2024/08/8.-Logiraamat-praktikutele-vanus-1-5.docx.pdf","IDENTITY_FIELD_ABSENT_FROM_EXPORT","LOCAL_FILE_EXISTS","server docs: peaasi_raagime_lastest_praktikutele_1_5_aastaste_lastega_perede_nou"
"SOURCE_MASTER_IDENTITY_NOT_PROVEN_IN_EXPORT","not_proven","peaasi_raagime_lastest_praktikutele_12_18_aastaste_lastega_perede_n","Räägime Lastest praktikutele: 12–18-aastaste lastega perede nõustamiseks","pdf","https://peaasi.ee/wp-content/uploads/2024/08/10.-Logiraamat-praktikutele-vanus-12-18.docx.pdf","IDENTITY_FIELD_ABSENT_FROM_EXPORT","LOCAL_FILE_EXISTS","server docs: peaasi_raagime_lastest_praktikutele_12_18_aastaste_lastega_perede_n"
"SOURCE_MASTER_IDENTITY_NOT_PROVEN_IN_EXPORT","not_proven","tarkvanem_tooleht_suhtekonto","TÖÖLEHT: Suhtekonto","pdf","https://tarkvanem.ee/wp-content/uploads/2023/11/Suhtekonto_tooleht.pdf","IDENTITY_FIELD_ABSENT_FROM_EXPORT","LOCAL_FILE_EXISTS","server docs: tarkvanem_tooleht_suhtekonto"
"SOURCE_MASTER_IDENTITY_NOT_PROVEN_IN_EXPORT","not_proven","tarkvanem_tooleht_rahunemispaus","TÖÖLEHT: Rahunemispaus","pdf","https://tarkvanem.ee/wp-content/uploads/2022/12/Tooleht_rahunemispaus.pdf","IDENTITY_FIELD_ABSENT_FROM_EXPORT","LOCAL_FILE_EXISTS","server docs: tarkvanem_tooleht_rahunemispaus"
"SOURCE_MASTER_IDENTITY_NOT_PROVEN_IN_EXPORT","not_proven","tarkvanem_tooleht_kuidas_anda_lapsele_korraldusi","TÖÖLEHT: Kuidas anda lapsele korraldusi?","pdf","https://tarkvanem.ee/wp-content/uploads/2018/05/Tark_Vanem_tooleht_kuidas_anda_lapsele_korraldusi.pdf","IDENTITY_FIELD_ABSENT_FROM_EXPORT","LOCAL_FILE_EXISTS","server docs: tarkvanem_tooleht_kuidas_anda_lapsele_korraldusi"
"SOURCE_MASTER_IDENTITY_NOT_PROVEN_IN_EXPORT","not_proven","tarkvanem_infomaterjal_beebivanematele_kodu_kohandamiseks_lapse_esimes","Infomaterjal beebivanematele kodu kohandamiseks lapse esimesel eluaastal","pdf","https://tarkvanem.ee/wp-content/uploads/2023/10/infomaterjal-beebivanematele-kodu-kohandamiseks-lapse-esimesel-eluaastal.pdf","IDENTITY_FIELD_ABSENT_FROM_EXPORT","LOCAL_FILE_EXISTS","server docs: tarkvanem_infomaterjal_beebivanematele_kodu_kohandamiseks_lapse_esimes"
"SOURCE_MASTER_IDENTITY_NOT_PROVEN_IN_EXPORT","not_proven","tarkvanem_vaikelastega_perede_koduohutuse_hindamise_ankeet_kodukulastu","Väikelastega perede koduohutuse hindamise ankeet kodukülastusi läbiviivale spetsialistile","pdf","https://tarkvanem.ee/wp-content/uploads/2023/10/2023-vaikelaste-koduohutuse-hindmise-ankeet-kodukulastusi-labiviivale-spetsialistile.pdf","IDENTITY_FIELD_ABSENT_FROM_EXPORT","LOCAL_FILE_EXISTS","server docs: tarkvanem_vaikelastega_perede_koduohutuse_hindamise_ankeet_kodukulastu"
"SOURCE_MASTER_IDENTITY_NOT_PROVEN_IN_EXPORT","not_proven","tarkvanem_kuidas_margata_et_noor_tarvitab_e_sigaretti_nikotiinipatja_v","Kuidas märgata, et noor tarvitab e-sigaretti, nikotiinipatja või huuletubakat?","pdf","https://tarkvanem.ee/wp-content/uploads/2023/08/TAI_Kuidas_margata_e-sigareti_tarvitamist_lapsevanemad.pdf","IDENTITY_FIELD_ABSENT_FROM_EXPORT","LOCAL_FILE_EXISTS","server docs: tarkvanem_kuidas_margata_et_noor_tarvitab_e_sigaretti_nikotiinipatja_v"
"SOURCE_MASTER_IDENTITY_NOT_PROVEN_IN_EXPORT","not_proven","tarkvanem_sunnitusjargne_depressioon","Sünnitusjärgne depressioon","pdf","https://tarkvanem.ee/wp-content/uploads/2023/01/Sunnitusjargne_depressioon_Gerli_Rand_voldik_99x210_veebi.pdf","IDENTITY_FIELD_ABSENT_FROM_EXPORT","LOCAL_FILE_EXISTS","server docs: tarkvanem_sunnitusjargne_depressioon"
"SOURCE_MASTER_IDENTITY_NOT_PROVEN_IN_EXPORT","not_proven","tarkvanem_tooleht_kuidas_sa_ennast_tunned","TÖÖLEHT: Kuidas sa ennast tunned?","pdf","https://tarkvanem.ee/wp-content/uploads/2018/05/Tark_Vanem_tooleht_kuidas_sa_ennast_tunned.pdf","IDENTITY_FIELD_ABSENT_FROM_EXPORT","LOCAL_FILE_EXISTS","server docs: tarkvanem_tooleht_kuidas_sa_ennast_tunned"
"SOURCE_MASTER_IDENTITY_NOT_PROVEN_IN_EXPORT","not_proven","tarkvanem_tooleht_lapse_tunnustamine","TÖÖLEHT: Lapse tunnustamine","pdf","https://tarkvanem.ee/wp-content/uploads/2018/05/Tark_Vanem_tooleht_lapse_tunnustamine.pdf","IDENTITY_FIELD_ABSENT_FROM_EXPORT","LOCAL_FILE_EXISTS","server docs: tarkvanem_tooleht_lapse_tunnustamine"
"SOURCE_MASTER_IDENTITY_NOT_PROVEN_IN_EXPORT","not_proven","tarkvanem_tooleht_marka_ja_tunnusta_positiivset_kaitumist","TÖÖLEHT: Märka ja tunnusta positiivset käitumist","pdf","https://tarkvanem.ee/wp-content/uploads/2018/05/Tark_Vanem_tooleht_marka_ja_tunnusta_positiivset_kaitumist.pdf","IDENTITY_FIELD_ABSENT_FROM_EXPORT","LOCAL_FILE_EXISTS","server docs: tarkvanem_tooleht_marka_ja_tunnusta_positiivset_kaitumist"
"SOURCE_MASTER_IDENTITY_NOT_PROVEN_IN_EXPORT","not_proven","tarkvanem_tooleht_tugevate_tunnetega_toimetulek","TÖÖLEHT: Tugevate tunnetega toimetulek","pdf","https://tarkvanem.ee/wp-content/uploads/2018/05/Tark_Vanem_tooleht_tugevate_tunnetega_toimetulek.pdf","IDENTITY_FIELD_ABSENT_FROM_EXPORT","LOCAL_FILE_EXISTS","server docs: tarkvanem_tooleht_tugevate_tunnetega_toimetulek"
"SOURCE_MASTER_IDENTITY_NOT_PROVEN_IN_EXPORT","not_proven","tarkvanem_tooleht_abikusimused_vestluseks_lasteaialapsega","TÖÖLEHT: Abiküsimused vestluseks lasteaialapsega","pdf","https://tarkvanem.ee/wp-content/uploads/2018/05/Tark_Vanem_tooleht_abikysimused_vestluseks_lasteaialapsega.pdf","IDENTITY_FIELD_ABSENT_FROM_EXPORT","LOCAL_FILE_EXISTS","server docs: tarkvanem_tooleht_abikusimused_vestluseks_lasteaialapsega"
"SOURCE_MASTER_IDENTITY_NOT_PROVEN_IN_EXPORT","not_proven","tarkvanem_tooleht_abikusimused_vestluseks_algkoolilapsega","TÖÖLEHT: Abiküsimused vestluseks algkoolilapsega","pdf","https://tarkvanem.ee/wp-content/uploads/2018/05/Tark_Vanem_tooleht_abikysimused_vestluseks_algkoolilapsega.pdf","IDENTITY_FIELD_ABSENT_FROM_EXPORT","LOCAL_FILE_EXISTS","server docs: tarkvanem_tooleht_abikusimused_vestluseks_algkoolilapsega"
"SOURCE_MASTER_IDENTITY_NOT_PROVEN_IN_EXPORT","not_proven","tarkvanem_tooleht_abikusimused_vestluseks_teismelisega","TÖÖLEHT: Abiküsimused vestluseks teismelisega","pdf","https://tarkvanem.ee/wp-content/uploads/2018/05/Tark_Vanem_tooleht_abikysimused_vestluseks_teismelisega.pdf","IDENTITY_FIELD_ABSENT_FROM_EXPORT","LOCAL_FILE_EXISTS","server docs: tarkvanem_tooleht_abikusimused_vestluseks_teismelisega"
